name,affiliation,homepage,scholarid
A. Antony Franklin,IIT Hyderabad,http://www.iith.ac.in/~antony/index.html,LVfqLuoAAAAJ
A. Baskar,BITS Pilani-Goa,https://www.bits-pilani.ac.in/goa/abaskar/profile,mNpOTuEAAAAJ
A. V. Sreejith,IIT Goa,https://www.iitgoa.ac.in/~sreejithav,6LVNqAMAAAAJ
A. V. Subramanyam,IIIT Delhi,http://www.iiitd.ac.in/subramanyam,B0Hy8NkAAAAJ
Aaditeshwar Seth,IIT Delhi,http://www.cse.iitd.ernet.in/~aseth,XpOIYBoAAAAJ
Abhijit Das 0004,IIT Kharagpur,http://cse.iitkgp.ac.in/~abhij,vpWPul0AAAAJ
Abhilash Jindal,IIT Delhi,http://abhilash-jindal.com,_af8suQAAAAJ
Abhinav Dhall,IIT Ropar,http://www.iitrpr.ac.in/cse/abhinavdhall,ypusncAAAAAJ
Abhiram G. Ranade,IIT Bombay,https://www.cse.iitb.ac.in/~ranade,lb5ffQ8AAAAJ
Abhiram Ranade,IIT Bombay,https://www.cse.iitb.ac.in/~ranade,lb5ffQ8AAAAJ
Abhishek Bichhawat,IIT Gandhinagar,https://iitgn.ac.in/faculty/cse/abhishek,qJavKW4AAAAJ
Abhishek Mishra,BITS Pilani,http://www.bits-pilani.ac.in/pilani/abhishekmisra/profile,Ayz2rOwAAAAJ
Abhishek Sarkar,IIIT Hyderabad,https://www.iiit.ac.in/people/faculty/abhishek.sarkar,SV0gEjQAAAAJ
Abhishek Sinha,Tata Inst. of Fundamental Research,https://abhishek-sinha-tifr.github.io,Oc7BRX0AAAAJ
Abhishek Srivastava,IIT Indore,http://cse.iiti.ac.in/faculty.html,8DUQgIIAAAAJ
Abir Das,IIT Kharagpur,http://cse.iitkgp.ac.in/~adas,L4yEk2UAAAAJ
Abir De,IIT Bombay,https://abir-de.github.io,9ZKKbIAAAAJ
Abyayananda Maiti,IIT Patna,https://iitp.ac.in/index.php/departments/computer-center/people/head/1095-dr-abyayananda-maiti.html,N49XT94AAAAJ
Aditya Challa,BITS Pilani-Goa,https://www.bits-pilani.ac.in/goa/adityac/Profile,_XkD5AkAAAAJ
Aditya Kanade,IISc Bangalore,http://www.csa.iisc.ac.in/~kanade,NOSCHOLARPAGE
Aditya Nigam,IIT Mandi,http://faculty.iitmandi.ac.in/~aditya,ffSpknUAAAAJ
Aditya Tatu,DAIICT,http://www.daiict.ac.in/daiict/people/faculty.html,f0nqLS8AAAAJ
Aiswarya Cyriac,CMI,http://www.cmi.ac.in/~aiswarya,NLwqvCwAAAAJ
Ajai Jain,IIT Kanpur,http://www.iitk.ac.in/new/dr-ajai-jain,y7TbKJMAAAAJ
Ajit A. Diwan,IIT Bombay,https://www.cse.iitb.ac.in/~aad,XpPk_GwAAAAJ
Ajit Arvind Diwan,IIT Bombay,https://www.cse.iitb.ac.in/~aad,XpPk_GwAAAAJ
Ajit Rajwade 0001,IIT Bombay,https://www.cse.iitb.ac.in/~ajitvr,CkTW7PwAAAAJ
Ajit V. Rajwade 0001,IIT Bombay,https://www.cse.iitb.ac.in/~ajitvr,CkTW7PwAAAAJ
Amaldev Manuel,IIT Goa,https://www.iitgoa.ac.in/~amal,Lb4wzNYAAAAJ
Aman Parnami,IIIT Delhi,https://www.iiitd.ac.in/aman,PI30hN8AAAAJ
Amarjeet Singh 0001,IIIT Delhi,https://www.iiitd.ac.in/amarjeet,cZhWKd0AAAAJ
Ambedkar Dukkipati,IISc Bangalore,http://www.csa.iisc.ac.in/~ad,NOSCHOLARPAGE
Amey Karkare,IIT Kanpur,http://www.cse.iitk.ac.in/users/karkare,WPLq_rQAAAAJ
Amit Awekar,IIT Guwahati,https://www.iitg.ernet.in/awekar,xl5njIIAAAAJ
Amit Banerjee,South Asian University,http://sau.int/faculty/faculty-profile.html?staff_id=2,LORErKcAAAAJ
Amit Chattopadhyay,IIIT Bangalore,http://amitchattopadhyay.weebly.com,sooauB0AAAAJ
Amit Dua,BITS Pilani,http://www.bits-pilani.ac.in/pilani/amitdua/profile,NOSCHOLARPAGE
Amit Kumar 0001,IIT Delhi,http://www.cse.iitd.ernet.in/~amitk,btq_vjcAAAAJ
Amit Sengupta,DAIICT,http://www.daiict.ac.in/daiict/people/faculty.html,NOSCHOLARPAGE
Amitabha Bagchi,IIT Delhi,http://www.cse.iitd.ernet.in/~bagchi,U4g_OxEAAAAJ
Amitabha Mukerjee,IIT Kanpur,http://www.cse.iitk.ac.in/users/amit,6lD1AscAAAAJ
Amitabha Sanyal,IIT Bombay,https://www.cse.iitb.ac.in/~as,NOSCHOLARPAGE
Amrita Chaturvedi,IIT (BHU) Varanasi,http://www.iitbhu.ac.in/cse/index.php/people/faculty.html,zoVJnasAAAAJ
Anand Louis,IISc Bangalore,http://www.csa.iisc.ac.in/~anand,PedG3PYAAAAJ
Anand Mishra 0001,IIT Jodhpur,https://anandmishra22.github.io,vhUg2zIAAAAJ
Angshul Majumdar,IIIT Delhi,https://www.iiitd.ac.in/angshul,nwNIkAUAAAAJ
Angshuman Paul,IIT Jodhpur,https://sites.google.com/view/angshumanpaul/home,uPdXm3gAAAAJ
Anil Kumar Sao,IIT Mandi,http://faculty.iitmandi.ac.in/~anil,4ya5wyQAAAAJ
Anil Kumar Singh,IIT (BHU) Varanasi,http://www.iitbhu.ac.in/cse/index.php/people/faculty/37.html,2IaFZuMAAAAJ
Anil Kumar Tripathi,IIT (BHU) Varanasi,http://www.iitbhu.ac.in/cse/index.php/people/faculty/34.html,MeBbV48AAAAJ
Anil Kumar Vuppala,IIIT Hyderabad,https://www.iiit.ac.in/people/faculty/anilvuppala,VEx1PN4AAAAJ
Anil Seth,IIT Kanpur,https://www.cse.iitk.ac.in/users/seth,NOSCHOLARPAGE
Anil Shukla,IIT Jodhpur,https://en-gb.facebook.com/anil.shukla.589583,Y8SLE9sAAAAJ
Anil Vuppala,IIIT Hyderabad,https://www.iiit.ac.in/people/faculty/anilvuppala,VEx1PN4AAAAJ
Animesh Mukherjee 0001,IIT Kharagpur,https://cse.iitkgp.ac.in/~animeshm,lf7-deEAAAAJ
Anirban Dasgupta 0001,IIT Gandhinagar,http://www.iitgn.ac.in/faculty/comp/anirban.htm,plJC8R0AAAAJ
Anirban Sengupta,IIT Indore,http://www.iiti.ac.in/~asengupt,4aHf5O8AAAAJ
Anish Kumar Saha,National Institute of Technology Silchar,http://cs.nits.ac.in/anish,kEqWx-kAAAAJ
Anish Mathuria,DAIICT,http://intranet.daiict.ac.in/~anish_mathuria,l3CE25YAAAAJ
Anisur Rahaman Molla,ISI Kolkata,https://sites.google.com/site/mollaanisurrahaman,JSIMGn0AAAAJ
Anoop M. Namboodiri,IIIT Hyderabad,http://iiit.ac.in/~anoop,mpI3sbYAAAAJ
Anshul Kumar,IIT Delhi,http://www.cse.iitd.ernet.in/~anshul,NOSCHOLARPAGE
Ansuman Banerjee,ISI Kolkata,https://www.isical.ac.in/~ansuman,rGFo1TQAAAAJ
Anubha Gupta,IIIT Delhi,http://faculty.iiitd.ac.in/~anubha,VWCf3JEAAAAJ
Anup Bhattacharya,NISER,https://sites.google.com/site/anupbtcs,giCNz6AAAAAJ
Anup Kumar Bhattacharya,NISER,https://sites.google.com/site/anupbtcs,giCNz6AAAAAJ
Anupam Basu,IIT Kharagpur,http://cse.iitkgp.ac.in/~debmalya/AB_website,AMidPUMAAAAJ
Anupam Biswas,National Institute of Technology Silchar,http://cs.nits.ac.in/anupam,DoAQkCgAAAAJ
Anurag Mittal,IIT Madras,http://www.cse.iitm.ac.in/~amittal,mB9AZSAAAAAJ
Apurva Mudgal,IIT Ropar,http://www.iitrpr.ac.in/cse/apurva,NOSCHOLARPAGE
Arani Bhattacharya,IIIT Delhi,https://www.iiitd.ac.in/arani,YjiIDkjozUcC
Arijit Bishnu,ISI Kolkata,https://www.isical.ac.in/~arijit,NOSCHOLARPAGE
Arijit Ghosh,ISI Kolkata,https://sites.google.com/site/homepagearijitghosh,BYbws8cAAAAJ
Arijit Mondal,IIT Patna,https://iitp.ac.in/index.php/departments/engineering/computer-science-a-engineering/people/faculty/584-arijit-mondal.html,97ryAF0AAAAJ
Arijit Sur,IIT Guwahati,http://www.iitg.ernet.in/arijit,NOSCHOLARPAGE
Arindam Khan 0001,IISc Bangalore,http://drona.csa.iisc.ac.in/~arindam,yRsbV0AAAAAJ
Aritra Banik,NISER,https://www.niser.ac.in/~aritra,dWBbCwIAAAAJ
Aritra Hazra,IIT Kharagpur,https://cse.iitkgp.ac.in/~aritrah,nYazw20AAAAJ
Arkadev Chattopadhyay,Tata Inst. of Fundamental Research,http://www.tcs.tifr.res.in/~arkadev,CHn1c0IAAAAJ
Arkaprava Basu,IISc Bangalore,http://drona.csa.iisc.ac.in/~arkapravab,pL5B4ywAAAAJ
Arnab Bhattacharya 0001,IIT Kanpur,https://www.cse.iitk.ac.in/users/arnabb,Sk-JV9QAAAAJ
Arnab K. Paul,BITS Pilani-Goa,https://arnabkrpaul.github.io,az8MAG0AAAAJ
Arnab Kumar Paul,BITS Pilani-Goa,https://arnabkrpaul.github.io,az8MAG0AAAAJ
Arnab Sarkar,IIT Guwahati,https://www.iitg.ernet.in/arnabsarkar,aElWxu8AAAAJ
Arobinda Gupta,IIT Kharagpur,http://cse.iitkgp.ac.in/~agupta,NOSCHOLARPAGE
Aroor Dinesh Dileep,IIT Mandi,http://faculty.iitmandi.ac.in/~addileep,NOSCHOLARPAGE
Arpita Korwar,IIT Goa,https://www.iitgoa.ac.in/~arpita,qTE4OdYAAAAJ
Arpita Patra,IISc Bangalore,http://www.csa.iisc.ac.in/~arpita,RG6kKh8AAAAJ
Arun Balaji Buduru,IIIT Delhi,http://www.iiitd.ac.in/arunb,sSZczN4AAAAJ
Arun Chauhan 0002,BITS Pilani,http://www.bits-pilani.ac.in/pilani/arunchauhan/profile,noo17fcAAAAJ
Arun Rajkumar,IIT Madras,https://sites.google.com/view/arun-rajkumar,gytfaaoAAAAJ
Aruna Tiwari,IIT Indore,http://www.iiti.ac.in/~artiwari,Ja575P0AAAAJ
Aryabartta Sahu,IIT Guwahati,https://www.iitg.ernet.in/asahu,apzckLUAAAAJ
Ashish Anand,IIT Guwahati,http://www.iitg.ernet.in/anand.ashish,W7nidBQAAAAJ
Ashish Choudhary,IIIT Bangalore,https://sites.google.com/site/ashishcrypto,ZYQXnKsAAAAJ
Ashish Choudhury,IIIT Bangalore,https://sites.google.com/site/ashishcrypto,ZYQXnKsAAAAJ
Ashish Ghosh,ISI Kolkata,https://www.isical.ac.in/~ash,JzwlRtAAAAAJ
Ashok Kumar Das,IIIT Hyderabad,https://www.iiit.ac.in/people/faculty/ashokkdas,bToAUHMAAAAJ
Ashok Singh Sairam,IIT Patna,https://iitp.ac.in/index.php/departments/engineering/computer-science-a-engineering/people/faculty/dr-ashok-singh-sairam.html,NOSCHOLARPAGE
Ashutosh Bhatia,BITS Pilani,http://www.bits-pilani.ac.in/pilani/ashutoshbhatia/profile,JU258EQAAAAJ
Ashutosh Gupta 0001,IIT Bombay,https://www.cse.iitb.ac.in/~akg,NOSCHOLARPAGE
Ashutosh Kumar Gupta 0001,IIT Bombay,https://www.cse.iitb.ac.in/~akg,NOSCHOLARPAGE
Ashutosh Modi,IIT Kanpur,https://ashutosh-modi.github.io,AWu6f60AAAAJ
Ashwin Srinivasan 0001,BITS Pilani-Goa,https://www.bits-pilani.ac.in/goa/ashwin/Profile,zpNTeogAAAAJ
Asif Ekbal,IIT Patna,http://iitp.ac.in/~asif,IAL_F04AAAAJ
Asim Banerjee,DAIICT,http://www.daiict.ac.in/daiict/people/faculty.html,NOSCHOLARPAGE
Avinash Gautam,BITS Pilani,http://universe.bits-pilani.ac.in/pilani/avinash/profile,V6-4CfQAAAAJ
Avinash Sharma 0001,IIIT Hyderabad,https://www.iiit.ac.in/people/faculty/asharma,O_94NWYAAAAJ
Ayan Chaudhury,IIT Kharagpur,https://cse.iitkgp.ac.in/~ayanc,jv9PrfgAAAAJ
Ayon Chakraborty,IIT Madras,https://www.cse.iitm.ac.in/~ayon,xKrkM1EAAAAJ
B. B. Amberker,National Institute of Technology Warangal,https://wsdc.nitw.ac.in/facultynew/facultyprofile/id/16334,Nf686AUAAAAJ
B. Srivathsan,CMI,http://www.cmi.ac.in/~sri,2SMNivQAAAAJ
B. V. Raghavendra Rao,IIT Madras,http://www.cse.iitm.ac.in/~bvrr,jFu4ljYAAAAJ
Badal Soni,National Institute of Technology Silchar,http://cs.nits.ac.in/badal,QjXhGYsAAAAJ
Bala Prakasa Rao Killi,National Institute of Technology Warangal,https://wsdc.nitw.ac.in/facultynew/facultyprofile/id/17028,zpYxy98AAAAJ
Balagopal Komarath,IIT Gandhinagar,https://iitgn.ac.in/faculty/cse/balagopal,NOSCHOLARPAGE
Balaji Parthasarathy,IIIT Bangalore,http://citapp.iiitb.ac.in/staff-members/balaji-parthasarathy,cbrHE1YAAAAJ
Balaprakasa Rao Killi,National Institute of Technology Warangal,https://wsdc.nitw.ac.in/facultynew/facultyprofile/id/17028,zpYxy98AAAAJ
Balaraman Ravindran,IIT Madras,http://www.cse.iitm.ac.in/~ravi,nGUcGrYAAAAJ
Balasubramanian Raman,IIT Roorkee,http://www.iitr.ac.in/departments/CSE/pages/Home+Departments_and_Centres+Mathematics+People+Faculty+Balasubramanian_R_.html,QU2O6JMAAAAJ
Balwinder Sodhi,IIT Ropar,http://www.iitrpr.ac.in/sodhi,NOSCHOLARPAGE
Bapi Chatterjee,IIIT Delhi,https://iiitd.ac.in/bapi,ILI-_h4AAAAJ
Bapi Raju Surampudi,IIIT Hyderabad,https://www.iiit.ac.in/people/faculty/rajubapi,bbSYyiAAAAAJ
Basabdatta B. Sen,BITS Pilani-Goa,https://sites.google.com/site/bsenbhattacharya,M2PFto0AAAAJ
Basabdatta Sen Bhattacharya,BITS Pilani-Goa,https://sites.google.com/site/bsenbhattacharya,M2PFto0AAAAJ
Benny George Kenkireth,IIT Guwahati,http://www.iitg.ernet.in/ben,NOSCHOLARPAGE
Bernard L. Menezes,IIT Bombay,https://www.cse.iitb.ac.in/~bernard,NOSCHOLARPAGE
Bernard Menezes,IIT Bombay,https://www.cse.iitb.ac.in/~bernard,NOSCHOLARPAGE
Bhabatosh Chanda,ISI Kolkata,https://www.isical.ac.in/~chanda,Ku-LgdUAAAAJ
Bharat Adsul,IIT Bombay,https://www.cse.iitb.ac.in/page14,bZhCDxIAAAAJ
Bharat Amberker,National Institute of Technology Warangal,https://wsdc.nitw.ac.in/facultynew/facultyprofile/id/16334,Nf686AUAAAAJ
Bharat M. Deshpande,BITS Pilani-Goa,https://www.bits-pilani.ac.in/goa/bmd/Profile,dEH3K6UAAAAJ
Bhargab B. Bhattacharya,IIT Kharagpur,https://www.isical.ac.in/~bhargab,udxFQnwAAAAJ
Bhaskaran Raman,IIT Bombay,http://www.cse.iitk.ac.in/users/braman,qj3IRU8AAAAJ
Bhavana Kanukurthi,IISc Bangalore,http://www.csa.iisc.ac.in/~bhavana,QYNU5jMAAAAJ
Bheemarjuna Reddy Tamma,IIT Hyderabad,http://www.iith.ac.in/~tbr,FYHCD2kAAAAJ
Bijoy Chand Chatterjee,South Asian University,https://www.bijoycc.site,mYKBDyYAAAAJ
Biju K. Raveendran,BITS Pilani-Goa,https://www.bits-pilani.ac.in/goa/biju/profile,wpRpGpwAAAAJ
Bimal K. Roy,ISI Kolkata,https://www.isical.ac.in/~bimal,NOSCHOLARPAGE
Bimal Kumar Roy,ISI Kolkata,https://www.isical.ac.in/~bimal,NOSCHOLARPAGE
Bimal Roy,ISI Kolkata,https://www.isical.ac.in/~bimal,NOSCHOLARPAGE
Biplab Banerjee,IIT Roorkee,http://www.iitr.ac.in/departments/CSE/pages/People+Biplab_Banerjee.html,0q-fdykAAAAJ
Bireswar Das,IIT Gandhinagar,http://www.iitgn.ac.in/faculty/comp/bireswar.htm,RcBEsucAAAAJ
Biswa,IIT Bombay,https://www.cse.iitb.ac.in/~biswa,ZGZkHzcAAAAJ
Biswabandan Panda,IIT Bombay,https://www.cse.iitb.ac.in/~biswa,ZGZkHzcAAAAJ
Biswajit Mishra,DAIICT,http://intranet.daiict.ac.in/~biswajitmishra,xmVV6WcAAAAJ
Biswajit Purkayastha,National Institute of Technology Silchar,http://cs.nits.ac.in/biswajit,J7oXZYkAAAAJ
Biswanath Dey,National Institute of Technology Silchar,http://cs.nits.ac.in/bdey,38RH3kAAAAJ
Bivas Mitra,IIT Kharagpur,http://cse.iitkgp.ac.in/~bivasm,mQ57itUAAAAJ
Bodhisatwa Mazumdar,IIT Indore,http://cse.iiti.ac.in/faculty.html,ea-e9TwAAAAJ
Bulusu Uma Shankar,ISI Kolkata,https://www.isical.ac.in/~uma,qE04IkQAAAAJ
C Ravindranath Chowdary,IIT (BHU) Varanasi,http://www.old.iitbhu.ac.in/cse/index.php/people/faculty/36.html,wWbOB0UAAAAJ
C. Aiswarya,CMI,http://www.cmi.ac.in/~aiswarya,NLwqvCwAAAAJ
C. Chandra Sekhar,IIT Madras,https://www.iitm.ac.in/info/fac/cchandra,rO5ZgW4AAAAJ
C. Krishna Mohan,IIT Hyderabad,http://www.iith.ac.in/~ckm,GvSsuVEAAAAJ
C. Pandu Rangan,IIT Madras,http://www.cse.iitm.ac.in/~rangan,begDaeQAAAAJ
C. Pandurangan,IIT Madras,http://www.cse.iitm.ac.in/~rangan,begDaeQAAAAJ
C. R. Subramanian 0001,IMSc,http://www.imsc.res.in/~crs,A_WrLWsAAAAJ
C. Siva Ram Murthy,IIT Madras,http://www.cse.iitm.ac.in/~murthy,VjJFBjcAAAAJ
C. V. Jawahar,IIIT Hyderabad,https://www.iiit.ac.in/~jawahar,U9dH-DoAAAAJ
Ch. Sobhan Babu,IIT Hyderabad,https://www.iith.ac.in/~sobhan,NOSCHOLARPAGE
Chalavadi Krishna Mohan,IIT Hyderabad,http://www.iith.ac.in/~ckm,GvSsuVEAAAAJ
Chandan Karfa,IIT Guwahati,http://www.iitg.ernet.in/cse/internet-pages/ckarfa,pp-UnuoAAAAJ
Chandan Mazumdar,Jadavpur University,https://jaduniv.irins.org/profile/57032,NOSCHOLARPAGE
Chandan Saha 0001,IISc Bangalore,http://www.csa.iisc.ac.in/~chandan,xJrC-GMAAAAJ
Chandrasekaran Pandu Rangan,IIT Madras,http://www.cse.iitm.ac.in/~rangan,begDaeQAAAAJ
Chandrashekar Ramanathan,IIIT Bangalore,http://www.iiitb.ac.in/faculty_page.php?name=ChandrashekarRamanathan,EBSaHLkAAAAJ
Chandreyee Chowdhury,Jadavpur University,http://jaduniv.edu.in/profile.php?uid=784,QxQz5PIAAAAJ
Chapram Sudhakar,National Institute of Technology Warangal,https://wsdc.nitw.ac.in/facultynew/facultyprofile/id/16340,NOSCHOLARPAGE
Charu Sharma,IIIT Hyderabad,https://www.iiit.ac.in/people/faculty/Charusharma,bftN0M0AAAAJ
Chaya Ganesh,IISc Bangalore,https://www.csa.iisc.ac.in/~chaya,b_NnjeQAAAAJ
Chebiyyam Siva Ram Murthy,IIT Madras,http://www.cse.iitm.ac.in/~murthy,VjJFBjcAAAAJ
Cheerakkuzhi Veluthemana Jawahar,IIIT Hyderabad,https://www.iiit.ac.in/~jawahar,U9dH-DoAAAAJ
Chellu Chandra Sekhar,IIT Madras,https://www.iitm.ac.in/info/fac/cchandra,rO5ZgW4AAAAJ
Chester Rebeiro,IIT Madras,http://www.cse.iitm.ac.in/~chester,ctxSQrwAAAAJ
Chetan Arora 0001,IIT Delhi,https://www.cse.iitd.ac.in/~chetan,Q8cTLNMAAAAJ
Chetan D. Parikh,IIIT Bangalore,http://www.iiitb.ac.in/faculty_page.php?name=ChetanParikh,S1edNtAAAAAJ
Chiranjib Bhattacharyya,IISc Bangalore,http://www.csa.iisc.ac.in/~chiru,NOSCHOLARPAGE
Chiranjoy Chattopadhyay,IIT Jodhpur,http://home.iitj.ac.in/~chiranjoy,5LzGkEAAAAAJ
Chiru Bhattacharyya,IISc Bangalore,http://www.csa.iisc.ac.in/~chiru,NOSCHOLARPAGE
Chitrita Chaudhuri,Jadavpur University,http://www.jaduniv.edu.in/profile.php?uid=872,NOSCHOLARPAGE
Chitta Mandal,IIT Kharagpur,http://cse.iitkgp.ac.in/~chitta,jkoZD_MAAAAJ
Chittaranjan A. Mandal,IIT Kharagpur,http://cse.iitkgp.ac.in/~chitta,jkoZD_MAAAAJ
Chittaranjan Mandal,IIT Kharagpur,http://cse.iitkgp.ac.in/~chitta/pubs,jkoZD_MAAAAJ
Chittaranjan Mandal 0001,IIT Kharagpur,http://cse.iitkgp.ac.in/~chitta,jkoZD_MAAAAJ
Clint P. George,IIT Goa,https://www.iitgoa.ac.in/~clint,qL6xTH8AAAAJ
Clint Pazhayidam George,IIT Goa,https://www.iitgoa.ac.in/~clint,qL6xTH8AAAAJ
Cyriac Aiswarya,CMI,http://www.cmi.ac.in/~aiswarya,NLwqvCwAAAAJ
D. Janaki Ram,IIT Madras,http://dos.iitm.ac.in/djwebsite,zxpFxq8AAAAJ
D. Janakiram,IIT Madras,http://dos.iitm.ac.in/djwebsite,zxpFxq8AAAAJ
Dalton Meitei Thounaojam,National Institute of Technology Silchar,http://cs.nits.ac.in/dalton,MoD6g-UAAAAJ
Deba Prasad Mandal,ISI Kolkata,https://www.isical.ac.in/deba-prasad-mandal,NOSCHOLARPAGE
Debabrata Das,IIIT Bangalore,http://www.iiitb.ac.in/faculty_page.php?name=DebabrataDas,gU6HKm4AAAAJ
Debajyoti Bera,IIIT Delhi,https://www.iiitd.edu.in/~dbera,kv2a54oAAAAJ
Debapriyo Majumdar,ISI Kolkata,https://www.isical.ac.in/~debapriyo,XSJGvjEAAAAJ
Debarka Sengupta,IIIT Delhi,http://iiitd.ac.in/debarka,b-57qe4AAAAJ
Debasis Das 0001,IIT Jodhpur,https://sites.google.com/view/debasisdas,_MjXvxQAAAAJ
Debasis Samanta,IIT Kharagpur,https://cse.iitkgp.ac.in/~dsamanta,RctLVqcAAAAJ
Debdeep Mukhopadhyay,IIT Kharagpur,http://cse.iitkgp.ac.in/~debdeep,2ELnl9IAAAAJ
Debi Prosad Dogra,IIT Bhubaneswar,http://www.iitbbs.ac.in/profile.php/dpdogra,e7AbmE8AAAAJ
Debotosh Bhattacharjee,Jadavpur University,http://jaduniv.edu.in/profile.php?uid=672,hI7_HFMAAAAJ
Debrup Chakraborty,ISI Kolkata,https://www.isical.ac.in/~debrup,DsV9MN4AAAAJ
Deepak B. Phatak,IIT Bombay,https://www.cse.iitb.ac.in/~dbp,NOSCHOLARPAGE
Deepak D'Souza,IISc Bangalore,http://www.csa.iisc.ac.in/~deepakd,qDmD8DsAAAAJ
Deepak K. Ghodgaonkar,DAIICT,http://www.daiict.ac.in/daiict/people/faculty.html,NOSCHOLARPAGE
Deepak Khemani,IIT Madras,http://aidblab.cse.iitm.ac.in/khemani,NOSCHOLARPAGE
Deepak Mishra 0001,IIT Jodhpur,https://sites.google.com/iitj.ac.in/dmishra,-rOCu6sAAAAJ
Deepanjan Kesh,IIT Guwahati,https://www.iitg.ernet.in/deepkesh,NOSCHOLARPAGE
Deepti R. Bathula,IIT Ropar,http://www.iitrpr.ac.in/cse/bathula,msRMYTkAAAAJ
Devarajan Sridharan,IISc Bangalore,http://cns.iisc.ac.in/sridhar,5ij8Y9YAAAAJ
Devashish Gosain,BITS Pilani-Goa,https://www.devashishgosain.com,VyhXD2EAAAAJ
Dhananjay M. Dhamdhere,IIT Bombay,https://www.cse.iitb.ac.in/~dmd,NOSCHOLARPAGE
Dharanipragada Janakiram,IIT Madras,http://dos.iitm.ac.in/djwebsite,zxpFxq8AAAAJ
Dhaval Patel 0002,IIT Roorkee,http://faculty.iitr.ac.in/~patelfec,MvUSMXUAAAAJ
Dheeraj Sanghi,IIT Kanpur,http://www.cse.iitk.ac.in/users/dheeraj,NOSCHOLARPAGE
Dhruv Kumar 0001,IIIT Delhi,https://www.iiitd.ac.in/dhruv,cobNGlcAAAAJ
Diganta Goswami,IIT Guwahati,https://www.iitg.ernet.in/dgoswami,g9CrJ2wAAAAJ
Diganta Saha,Jadavpur University,http://jaduniv.edu.in/profile.php?uid=660,5z3AbQYAAAAJ
Dileep Aroor Dinesh,IIT Mandi,http://faculty.iitmandi.ac.in/~addileep,NOSCHOLARPAGE
Dilip P. Patil,IISc Bangalore,http://www.math.iisc.ernet.in/~patil,TpFaZPcAAAAJ
Dinesh Babu J.,IIIT Bangalore,http://www.iiitb.ac.in/faculty_page.php?name=DineshBabuJayagopi,tVEF11EAAAAJ
Dinesh Babu Jayagopi,IIIT Bangalore,http://www.iiitb.ac.in/faculty_page.php?name=DineshBabuJayagopi,tVEF11EAAAAJ
Dip Sankar Banerjee,IIT Jodhpur,http://home.iitj.ac.in/~dipsankarb,G12RkeAAAAAJ
Dipankar Das 0001,Jadavpur University,https://www.dasdipankar.com,xiUCjgoAAAAJ
Dipankar Nagchoudhuri,DAIICT,http://ieee.daiict.ac.in/iwhssd/dnc.html,NOSCHOLARPAGE
Dipanwita Roy Chowdhury,IIT Kharagpur,http://www.facweb.iitkgp.ac.in/~drc,F_MRaWYAAAAJ
Diptendu Chatterjee,BITS Pilani-Goa,https://www.bits-pilani.ac.in/goa/diptenduc/Profile,iv6xhz8AAAAJ
Dipti Misra Sharma,IIIT Hyderabad,https://www.iiit.ac.in/people/faculty/dipti,NOSCHOLARPAGE
Dipti Prasad Mukherjee,ISI Kolkata,https://www.isical.ac.in/~dipti,lJbcSBUAAAAJ
Divya Padmanabhan,IIT Goa,https://www.iitgoa.ac.in/faculty_page.php?id=130,1sqb7gwAAAAJ
Donghoon Chang,IIIT Delhi,https://www.iiitd.ac.in/donghoon,v0coc0YAAAAJ
Durga Toshniwal,IIT Roorkee,http://www.iitr.ac.in/departments/CSE/pages/People+Faculty+Durga_Toshniwal.html,NOSCHOLARPAGE
Durvasula V. L. N. Somayajulu,National Institute of Technology Warangal,https://wsdc.nitw.ac.in/facultynew/facultyprofile/id/16333,YIDghSkAAAAJ
Dutta Borah Malaya,National Institute of Technology Silchar,http://cs.nits.ac.in/malaya,I88D3q8AAAAJ
Earnest Paul Ijjina,National Institute of Technology Warangal,https://wsdc.nitw.ac.in/facultynew/facultyprofile/id/16915,OVWm3v8AAAAJ
Erukala Suresh Babu,National Institute of Technology Warangal,https://wsdc.nitw.ac.in/facultynew/facultyprofile/id/16879,NzeOVE0AAAAJ
Fahad Panolan,IIT Hyderabad,https://iith.ac.in/~fahad,X6MthEgAAAAJ
G. N. Srinivasa Prasanna,IIIT Bangalore,http://www.iiitb.ac.in/faculty_page.php?name=GNSrinivasaPrasanna,NOSCHOLARPAGE
G. P. S. Raghava,IIIT Delhi,http://webs.iiitd.edu.in/raghava,XK5GUiYAAAAJ
G. Sivakumar,IIT Bombay,https://www.cse.iitb.ac.in/~siva,gqHcbCkAAAAJ
G. Srinivasa Raghavan 0001,IIIT Bangalore,http://www.iiitb.ac.in/faculty_page.php?name=GSrinivasaraghavan,NOSCHOLARPAGE
G. Srinivasaraghavan 0001,IIIT Bangalore,http://www.iiitb.ac.in/faculty_page.php?name=GSrinivasaraghavan,NOSCHOLARPAGE
Gagan Garg,DAIICT,http://www.daiict.ac.in/daiict/people/faculty.html,0FoDjjIAAAAJ
Gajendra P. S. Raghava,IIIT Delhi,http://webs.iiitd.edu.in/raghava,XK5GUiYAAAAJ
Gajendra Pal Singh Raghava,IIIT Delhi,http://webs.iiitd.edu.in/raghava,XK5GUiYAAAAJ
Ganesh Bagler,IIIT Delhi,http://faculty.iiitd.ac.in/~bagler,qyth_0QAAAAJ
Ganesh Ramakrishnan,IIT Bombay,https://www.cse.iitb.ac.in/~ganesh,W1ZpREMAAAAJ
Garimella Rama Murthy,IIIT Hyderabad,https://www.iiit.ac.in/people/faculty/ramamurthy,YUWS9LAAAAAJ
Garimella Ramamurthy,IIIT Hyderabad,https://www.iiit.ac.in/people/faculty/ramamurthy,YUWS9LAAAAAJ
Gaurav Harit,IIT Jodhpur,http://home.iitj.ac.in/~gharit,puzdkHAAAAAJ
Gaurav Varshney,IIT Jammu,https://www.iitjammu.ac.in/computer_science_engineering/faculty-list/~gauravvarshney,AgLr5dcAAAAJ
Gautam Barua,IIT Guwahati,https://www.iitg.ernet.in/gb,bKrYnrEAAAAJ
Geevarghese Philip,CMI,http://www.cmi.ac.in/~gphilip,3QM3vr4AAAAJ
Girish Varma,IIIT Hyderabad,https://www.iiit.ac.in/people/faculty/girish.varma,YLlRCu4AAAAJ
Gopalakrishnan Srinivasaraghavan,IIIT Bangalore,http://www.iiitb.ac.in/faculty_page.php?name=GSrinivasaraghavan,NOSCHOLARPAGE
Gopalakrishnan Srinivasaraghavan 0001,IIIT Bangalore,http://www.iiitb.ac.in/faculty_page.php?name=GSrinivasaraghavan,NOSCHOLARPAGE
Gorur Narayana Srinivasa Prasanna,IIIT Bangalore,http://www.iiitb.ac.in/faculty_page.php?name=GNSrinivasaPrasanna,NOSCHOLARPAGE
Gourinath Banda,IIT Indore,http://cse.iiti.ac.in/faculty.html,k5nOs00AAAAJ
Goutam Paul 0001,ISI Kolkata,https://www.isical.ac.in/~goutam.paul,PbIhVccAAAAJ
Govindarajulu Regeti,IIIT Hyderabad,https://iiit.ac.in/people/faculty/gregeti,TvcR9REAAAAJ
Grace Eden,IIIT Delhi,https://www.iiitd.ac.in/grace,Gs5GF8YAAAAJ
Gugan Thoppe,IISc Bangalore,https://www.csa.iisc.ac.in/people/gugan-thoppe,X5zV3s8AAAAJ
Hari Prabhat Gupta,IIT (BHU) Varanasi,http://www.iitbhu.ac.in/cse/index.php/people/faculty.html,KrMWWjUAAAAJ
Hariharan Narayanan,Tata Inst. of Fundamental Research,http://www.tifr.res.in/~hariharan.narayanan,NOSCHOLARPAGE
Harikrishnan N. B.,BITS Pilani-Goa,https://sites.google.com/site/harikrishnannb8/home,9fMmKMEAAAAJ
Harikrishnan Nellippallil Balakrishnan,BITS Pilani-Goa,https://sites.google.com/site/harikrishnannb8/home,9fMmKMEAAAAJ
Harish G. Ramaswamy,IIT Madras,https://sites.google.com/site/harishguruprasad,NOSCHOLARPAGE
Harish Guruprasad Ramaswamy,IIT Madras,https://sites.google.com/site/harishguruprasad,NOSCHOLARPAGE
Harish Karnick,IIT Kanpur,http://www.iitk.ac.in/new/dr-harish-karnick,NOSCHOLARPAGE
Harkeerat Kaur,IIT Jammu,https://www.iitjammu.ac.in/computer_science_engineering/faculty-list/~harkeeratkaur,Mt1kwb0AAAAJ
Hema A. Murthy,IIT Madras,http://www.cse.iitm.ac.in/~hema,AQ8w2uEAAAAJ
Hemangee K. Kapoor,IIT Guwahati,http://www.iitg.ac.in/hemangee,9TsaEbMAAAAJ
Hemangee Kalpesh Kapoor,IIT Guwahati,http://www.iitg.ac.in/hemangee,9TsaEbMAAAAJ
Hemant A. Patil,DAIICT,http://intranet.daiict.ac.in/~hemant_patil,9kTiuPIAAAAJ
Hemant Rathore,BITS Pilani-Goa,https://www.bits-pilani.ac.in/goa/hemantr/profile,3ea8AOMAAAAJ
Huzur Saran,IIT Delhi,http://www.cse.iitd.ernet.in/~saran,NOSCHOLARPAGE
Ilaiah Kavati,National Institute of Technology Warangal,https://wsdc.nitw.ac.in/facultynew/facultyprofile/id/16882,umhXvhgAAAAJ
Indranil Saha,IIT Kanpur,http://cse.iitk.ac.in/users/isaha,2-juveEAAAAJ
Indranil Sengupta 0001,IIT Kharagpur,http://www.facweb.iitkgp.ac.in/~isg,1IIL5HUAAAAJ
J. P. Misra,BITS Pilani,http://www.bits-pilani.ac.in/pilani/computerscience/Faculty,7HBV4QwAAAAJ
J. Saketha Nath,IIT Hyderabad,http://www.iith.ac.in/~saketha,k70LrvsAAAAJ
Jagarlapudi Saketha Nath,IIT Hyderabad,http://www.iith.ac.in/~saketha,k70LrvsAAAAJ
Jagtap Pushpak,IISc Bangalore,https://www.pushpakjagtap.com,Szd98jUAAAAJ
Jaideep Mulherkar,DAIICT,http://intranet.daiict.ac.in/~jaideep_mulherkar,J2aDvokAAAAJ
Jaikumar Radhakrishnan,Tata Inst. of Fundamental Research,http://www.tcs.tifr.res.in/~jaikumar,R-Iyl4gAAAAJ
Jainendra Shukla,IIIT Delhi,https://www.iiitd.ac.in/jainendra,QCZleNQAAAAJ
Jamuna Kanta Sing,Jadavpur University,https://jaduniv.irins.org/profile/57038,rf_-dsUAAAAJ
Janaki Srinivasan,IIIT Bangalore,https://janakisrinivasan.wordpress.com,_SN8PK8AAAAJ
Janakiram Dharanipragada,IIT Madras,http://dos.iitm.ac.in/djwebsite,zxpFxq8AAAAJ
Jatin Batra,Tata Inst. of Fundamental Research,https://www.tcs.tifr.res.in/web/people/faculty,NOSCHOLARPAGE
Jatindra Kumar Deka,IIT Guwahati,https://www.iitg.ernet.in/jatin,yCTfZRwAAAAJ
JayPrakash Lalchandani,IIIT Bangalore,http://www.iiitb.ac.in/faculty_page.php?name=JayprakashTLalchandani,NOSCHOLARPAGE
Jaya Sreevalsan Nair,IIIT Bangalore,http://www.iiitb.ac.in/faculty_page.php?name=JayaSreevalsanNair,Hh2xBGsAAAAJ
Jayalal Sarma,IIT Madras,http://www.cse.iitm.ac.in/~jayalal,OzXbU7kAAAAJ
Jayant R. Haritsa,IISc Bangalore,http://dsl.cds.iisc.ac.in/~haritsa,dc626ewAAAAJ
Jayanta Mukherjee 0001,IIT Kharagpur,http://www.facweb.iitkgp.ac.in/~jay,NOSCHOLARPAGE
Jayanta Mukhopadhyay,IIT Kharagpur,http://www.facweb.iitkgp.ac.in/~jay,NOSCHOLARPAGE
Jayanthi Sivaswamy,IIIT Hyderabad,https://www.iiit.ac.in/people/faculty/jsivaswamy,HfATfbMAAAAJ
Jimson Mathew,IIT Patna,https://iitp.ac.in/index.php/departments/engineering/computer-science-a-engineering/people/faculty/1502-dr-jimson-mathew.html,NOSCHOLARPAGE
John Augustine,IIT Madras,https://www.iitm.ac.in/info/fac/augustine,4YaUTfYAAAAJ
John Jose,IIT Guwahati,https://www.iitg.ernet.in/johnjose,KR7K-XEAAAAJ
Joydeep Chandra,IIT Patna,https://iitp.ac.in/index.php/departments/computer-center/people/head/705-dr-joydeep-chandra.html,_MaLUpIAAAAJ
Jung Hyun Jun,IIT Ropar,http://www.iitrpr.ac.in/cse/peterjun,cAnBAVUAAAAJ
Jyotsna Bapat,IIIT Bangalore,http://www.iiitb.ac.in/faculty_page.php?name=JyotsnaBapat,NOSCHOLARPAGE
Jyotsna L. Bapat,IIIT Bangalore,http://www.iiitb.ac.in/faculty_page.php?name=JyotsnaBapat,NOSCHOLARPAGE
K. C. Sivaramakrishnan,IIT Madras,http://kcsrk.info,Kc2cHqYAAAAJ
K. Gopinath,IISc Bangalore,http://www.csa.iisc.ac.in/~gopi,NOSCHOLARPAGE
K. Hari Babu,BITS Pilani,http://www.bits-pilani.ac.in/pilani/khari/profile,E-yshlwAAAAJ
K. Haribabu,BITS Pilani,http://www.bits-pilani.ac.in/pilani/khari/profile,E-yshlwAAAAJ
K. K. Shukla 0001,IIT (BHU) Varanasi,http://www.old.iitbhu.ac.in/cse/index.php/people/faculty/30_pubs.html,2kCEA2kAAAAJ
K. Lakshmanan 0001,IIT (BHU) Varanasi,http://www.iitbhu.ac.in/cse/index.php/people/faculty.html,K2Q4ZxkAAAAJ
K. Madhava Krishna,IIIT Hyderabad,https://www.iiit.ac.in/people/faculty/mkrishna,QDuPGHwAAAAJ
K. Narayan Kumar,CMI,http://www.cmi.ac.in/~kumar,iREqKFwAAAAJ
K. Ramesh,National Institute of Technology Warangal,https://wsdc.nitw.ac.in/facultynew/facultyprofile/id/16339,NOSCHOLARPAGE
K. S. Rajan,IIIT Hyderabad,https://www.iiit.ac.in/people/faculty/rajan,00_zU7QAAAAJ
K. Sreenivas Rao,IIT Kharagpur,https://cse.iitkgp.ac.in/~ksrao,TATEL2EAAAAJ
K. Sreenivasa Rao,IIT Kharagpur,https://cse.iitkgp.ac.in/~ksrao,TATEL2EAAAAJ
K. Srinathan,IIIT Hyderabad,https://www.iiit.ac.in/people/faculty/srinathan,NOSCHOLARPAGE
K. Suganya Devi,National Institute of Technology Silchar,http://cs.nits.ac.in/suganya,AdtGcxoAAAAJ
K. SuganyaDevi,National Institute of Technology Silchar,http://cs.nits.ac.in/suganya,AdtGcxoAAAAJ
K. V. Dinesha,IIIT Bangalore,http://www.iiitb.ac.in/faculty_page.php?name=KVDinesha,NOSCHOLARPAGE
K. V. Kadambari,National Institute of Technology Warangal,https://wsdc.nitw.ac.in/facultynew/facultyprofile/id/16335,hPMJtNwAAAAJ
K. V. Subrahmanyam 0001,CMI,http://www.cmi.ac.in/~kv,pxVeS_IAAAAJ
Kalluri R. Sarma,IIIT Hyderabad,https://www.iiit.ac.in/people/faculty/krsarma,NOSCHOLARPAGE
Kalyan Sasidhar,DAIICT,http://www.daiict.ac.in/daiict/people/faculty.html,NOSCHOLARPAGE
Kamakoti Veezhinathan,IIT Madras,http://rise.cse.iitm.ac.in/people/faculty/kama/kama.html,n_Ck-8UAAAAJ
Kamal Karlapalem,IIIT Hyderabad,https://www.iiit.ac.in/people/faculty/kamal,bEZqpLsAAAAJ
Kamal Lodaya,IMSc,http://www.imsc.res.in/%7Ekamal,NOSCHOLARPAGE
Kamal Sarkar,Jadavpur University,http://jaduniv.edu.in/profile.php?uid=662,2KnBEMEAAAAJ
Kamalakar Karlapalem,IIIT Hyderabad,https://www.iiit.ac.in/people/faculty/kamal,bEZqpLsAAAAJ
Kameswari Chebrolu,IIT Bombay,https://www.cse.iitb.ac.in/~chebrolu,U-Irc6kAAAAJ
Kamlesh Tiwari,BITS Pilani,http://www.bits-pilani.ac.in/pilani/kamleshtiwari/profile,BtURBxsAAAAJ
Kanchan Manna,BITS Pilani-Goa,https://www.bits-pilani.ac.in/goa/kanchanm/Profile,52Dr_LAAAAAJ
Kanchi Gopinath,IISc Bangalore,http://www.csa.iisc.ac.in/~gopi,NOSCHOLARPAGE
Kannan Srinathan,IIIT Hyderabad,https://www.iiit.ac.in/people/faculty/srinathan,NOSCHOLARPAGE
Kapil Ahuja,IIT Indore,http://www.iiti.ac.in/~kahuja,l2ySGVcAAAAJ
Karteek Sreenivasaiah,IIT Hyderabad,http://www.iith.ac.in/~karteek,NOSCHOLARPAGE
Kartik Nagar,IIT Madras,https://kartiknagar.github.io,KiT5oNUAAAAJ
Kaushal K. Shukla,IIT (BHU) Varanasi,http://www.old.iitbhu.ac.in/cse/index.php/people/faculty/30_pubs.html,2kCEA2kAAAAJ
Kaushal Kumar Shukla,IIT (BHU) Varanasi,http://www.old.iitbhu.ac.in/cse/index.php/people/faculty/30_pubs.html,2kCEA2kAAAAJ
Kavi Arya,IIT Bombay,https://www.cse.iitb.ac.in/~kavi,Qz7H0U0AAAAJ
Kavita Vemuri,IIIT Hyderabad,https://www.iiit.ac.in/people/faculty/kvemuri,NOSCHOLARPAGE
Kishan Chand Gupta,ISI Kolkata,https://www.isical.ac.in/~kishan,xHcGdnUAAAAJ
Kishore Kothapalli,IIIT Hyderabad,https://www.iiit.ac.in/people/faculty/kkishore,fKTjFPIAAAAJ
Kishore Prahallad,IIIT Hyderabad,https://www.iiit.ac.in/people/faculty/kishore,3-8i_54AAAAJ
Kolin Paul,IIT Delhi,http://www.cse.iitd.ernet.in/~kolin,6TWEO3IAAAAJ
Kotaro Kataoka,IIT Hyderabad,http://cse.iith.ac.in/profile/faculty/kotaro,uAuKJY4AAAAJ
Koteswar Rao Jerripothula,IIIT Delhi,https://www.iiitd.ac.in/koteswar,QgTEe-gAAAAJ
Krishna M. Sivalingam,IIT Madras,http://www.cse.iitm.ac.in/~skrishnam,aQVHUU8AAAAJ
Krishna Mohan C,IIT Hyderabad,http://www.iith.ac.in/~ckm,GvSsuVEAAAAJ
Krishna P. Miyapuram,IIT Gandhinagar,http://cogs.iitgn.ac.in/people/faculty/krishna-miyapuram,R20YmxkAAAAJ
Krishna Prasad Miyapuram,IIT Gandhinagar,http://cogs.iitgn.ac.in/people/faculty/krishna-miyapuram,R20YmxkAAAAJ
Krishna Reddy Polepalli,IIIT Hyderabad,http://faculty.iiit.ac.in/~pkreddy,XIgl8kUAAAAJ
Krishna Shankara Narayanan,IIT Bombay,https://www.cse.iitb.ac.in/~krishnas,14JlaZsAAAAJ
Krishnan Madhava Krishna,IIIT Hyderabad,https://www.iiit.ac.in/people/faculty/mkrishna,QDuPGHwAAAAJ
Krishnan Prasad,IIIT Hyderabad,https://www.iiit.ac.in/people/faculty/prasad.krishnan,tRbRF34AAAAJ
Krishnendu Mukhopadhyaya,ISI Kolkata,https://www.isical.ac.in/~krishnendu,NtcJrBwAAAAJ
Krithi Ramamritham,IIT Bombay,http://cuse.iitb.ac.in/people/faculty/krithi-ramamritham,LFLG5pcAAAAJ
Krothapalli S. Rao,IIT Kharagpur,https://cse.iitkgp.ac.in/~ksrao,TATEL2EAAAAJ
Krothapalli Sreenivasa Rao,IIT Kharagpur,https://cse.iitkgp.ac.in/~ksrao,TATEL2EAAAAJ
Kshitij Gajjar,IIT Jodhpur,https://www.tcs.tifr.res.in/~kshitij,2AO5VAsAAAAJ
Kuldeep Kumar,BITS Pilani,http://www.bits-pilani.ac.in/pilani/kuldeep/profile,RdiHr7UAAAAJ
Kunal Korgaonkar,BITS Pilani-Goa,https://www.bits-pilani.ac.in/goa/kunalk/profile,HZq-WzsAAAAJ
Kuntal Ghosh,ISI Kolkata,https://www.isical.ac.in/~kuntal,_ZvzkwIAAAAJ
L. Sunil Chandran,IISc Bangalore,http://www.csa.iisc.ac.in/~sunil,020isz4AAAAJ
Laiphrakpam Dolendro Singh,National Institute of Technology Silchar,http://cs.nits.ac.in/dolendro,FoGUkB0AAAAJ
Lavika Goel,BITS Pilani,http://www.bits-pilani.ac.in/pilani/lavikagoel/profile,S9hsnNoAAAAJ
Lawqueen Kanesh,IIT Jodhpur,https://sites.google.com/view/lawqueenkanesh/home,WD1JUOEAAAAJ
Laxminarayana S. Pillutla,DAIICT,http://intranet.daiict.ac.in/~laxminarayana_pillutla,_0RzZvAAAAAJ
M. Balakrishnan,IIT Delhi,http://www.cse.iitd.ernet.in/~mbala,Nt98A90AAAAJ
M. Narasimha Murty,IISc Bangalore,http://www.csa.iisc.ac.in/~mnm,VQZTmpcAAAAJ
M. Praveen,CMI,http://www.cmi.ac.in/~praveenm,xDgt2Z8AAAAJ
M. Srinivas,National Institute of Technology Warangal,https://wsdc.nitw.ac.in/facultynew/facultyprofile/id/16878,f8ZaxoEAAAAJ
M. V. Panduranga Rao,IIT Hyderabad,https://cse.iith.ac.in/?q=People/Faculty,WXSB53kAAAAJ
Madhav Rao,IIIT Bangalore,http://www.iiitb.ac.in/faculty_page.php?name=MadhavRao,B7Eg5RsAAAAJ
Madhavan Mukund,CMI,http://www.cmi.ac.in/~madhavan,NOSCHOLARPAGE
Madhu Mutyam,IIT Madras,http://www.cse.iitm.ac.in/~madhu,HS4VEdYAAAAJ
Mahantapas Kundu,Jadavpur University,http://jaduniv.edu.in/profile.php?uid=665,g8QqH7wAAAAJ
Mainack Mondal,IIT Kharagpur,https://cse.iitkgp.ac.in/~mainack,AUllGoAAAAAJ
Mainak Chaudhuri,IIT Kanpur,https://www.cse.iitk.ac.in/users/mainakc,-0GC4ZMAAAAJ
Makarand Tapaswi,IIIT Hyderabad,https://www.iiit.ac.in/people/faculty/Makarand,rJotb-YAAAAJ
Malay Bhattacharyya 0001,ISI Kolkata,https://www.isical.ac.in/~malaybhattacharyya,-emvWI8AAAAJ
Malaya Dutta Borah,National Institute of Technology Silchar,http://cs.nits.ac.in/malaya,I88D3q8AAAAJ
Manas Khatua,IIT Jodhpur,http://manaskhatua.github.io,TQshktIAAAAJ
Mandar Mitra,ISI Kolkata,https://www.isical.ac.in/~mandar,joWNRWwAAAAJ
Manik Lal Das,DAIICT,http://intranet.daiict.ac.in/~maniklal_das,wlTzQBMAAAAJ
Manindra Agrawal,IIT Kanpur,http://www.cse.iitk.ac.in/users/manindra,UBXqggoAAAAJ
Manish Gupta 0001,IIIT Bangalore,http://www.iiitb.ac.in/faculty_page.php?name=ManishGupta,dt_xftUAAAAJ
Manish Narwaria,DAIICT,http://www.daiict.ac.in/daiict/people/faculty.html,RVc_D94AAAAJ
Manish Shrivastava 0001,IIIT Hyderabad,https://www.iiit.ac.in/people/faculty/m.shrivastava,sIvMnGQAAAAJ
Manish Singh 0002,IIT Hyderabad,https://www.iith.ac.in/~msingh,I1jX5vgAAAAJ
Manjubala Bisi,National Institute of Technology Warangal,https://wsdc.nitw.ac.in/facultynew/facultyprofile/id/16858,CEiwpuYAAAAJ
Manjunath V. Joshi,DAIICT,http://www.daiict.ac.in/daiict/people/faculty.html,iDqnnKkAAAAJ
Manohar Kaul,IIT Hyderabad,http://www.iith.ac.in/~mkaul,jNroyK4AAAAJ
Manoj Gupta 0002,IIT Gandhinagar,http://www.iitgn.ac.in/faculty/comp/manoj.htm,PGzgTLoAAAAJ
Manoj M. Prabhakaran,IIT Bombay,http://mmp.cs.illinois.edu,FANRIhwAAAAJ
Manoj Mishra,NISER,https://www.niser.ac.in/users/manojmishra,NOSCHOLARPAGE
Manoj Misra,IIT Roorkee,http://www.iitr.ac.in/departments/CSE/pages/People+Faculty+manojfec.html,EwxWd40AAAAJ
Manoj Prabhakaran,IIT Bombay,http://mmp.cs.illinois.edu,FANRIhwAAAAJ
Manoj Singh Gaur,IIT Jammu,https://www.iitjammu.ac.in/computer_science_engineering/faculty-list/~manojsinghgaur,NOSCHOLARPAGE
Manu Kaul,IIT Hyderabad,http://www.iith.ac.in/~mkaul,jNroyK4AAAAJ
Maria Francis,IIT Hyderabad,https://sites.google.com/view/maria-francis/home,r5EduDsAAAAJ
Matthew J. Thazhuthaveetil,IISc Bangalore,http://www.csa.iisc.ac.in/~mjt,NOSCHOLARPAGE
Matthew Thazhuthaveetil,IISc Bangalore,http://www.csa.iisc.ac.in/~mjt,NOSCHOLARPAGE
Maunendra Sankar Desarkar,IIT Hyderabad,http://www.iith.ac.in/~maunendra,W8LJ-tEAAAAJ
Mausam,IIT Delhi,http://homes.cs.washington.edu/~mausam,5y4YmFcAAAAJ
Maya Ramanath,IIT Delhi,http://www.cse.iitd.ac.in/~ramanath,y6BXzxIAAAAJ
Mayank Singh 0001,IIT Gandhinagar,http://www.iitgn.ac.in/faculty/comp/mayank.htm,FOjZrQcAAAAJ
Mayank Vatsa,IIT Jodhpur,http://home.iitj.ac.in/~mvatsa,-DAxp-cAAAAJ
Md. Shad Akhtar,IIIT Delhi,https://www.iiitd.ac.in/shad,KUcO6LAAAAAJ
Medha Atre,IIT Kanpur,http://www.cse.iitk.ac.in/users/atrem,N_manZoAAAAJ
Meena Mahajan,IMSc,http://www.imsc.res.in/~meena,HYLNAGUAAAAJ
Meghana Nasre,IIT Madras,http://www.cse.iitm.ac.in/~meghana,NOSCHOLARPAGE
Milind A. Sohoni,IIT Bombay,https://www.cse.iitb.ac.in/~sohoni,QbF6h1AAAAAJ
Minal Bhise,DAIICT,http://www.daiict.ac.in/daiict/people/faculty.html,kYp_iIMAAAAJ
Mitesh M. Khapra,IIT Madras,http://www.cse.iitm.ac.in/~miteshk,DV8z8DYAAAAJ
Moumita Patra,IIIT Hyderabad,https://www.iiit.ac.in/people/faculty/moumita.patra,BIGZy7sAAAAJ
Mridul Nandi,ISI Kolkata,https://www.isical.ac.in/~mridul,WUzh8tgAAAAJ
Mridul Sankar Barik,Jadavpur University,http://jaduniv.edu.in/profile.php?uid=785,8fs7V4UAAAAJ
Mrinal Kumar 0001,Tata Inst. of Fundamental Research,https://mrinalkr.bitbucket.io,NOSCHOLARPAGE
Muhammad Abulaish,South Asian University,http://www.abulaish.com,2VMLm7gAAAAJ
Mukesh K. Mohania,IIIT Delhi,https://www.iiitd.ac.in/mukesh,zgaqvNQAAAAJ
Mukesh Kumar Rohil,BITS Pilani,http://www.bits-pilani.ac.in/pilani/rohil/profile,puTDrJkAAAAJ
Mukesh Kumar Saini,IIT Ropar,http://www.iitrpr.ac.in/cse/mukeshsaini,XpWL11EAAAAJ
Mukesh Saini,IIT Ropar,http://www.iitrpr.ac.in/cse/mukeshsaini,XpWL11EAAAAJ
Mukesh Tiwari,DAIICT,http://www.daiict.ac.in/daiict/people/faculty.html,djHLBSAAAAAJ
Mukulika Maity,IIIT Delhi,http://www.iiitd.ac.in/people/faculty,F5sooVMAAAAJ
Mulagala Sandhya,National Institute of Technology Warangal,https://wsdc.nitw.ac.in/facultynew/facultyprofile/id/16913,43b3kbAAAAAJ
Musti Narasimha Murty,IISc Bangalore,http://www.csa.iisc.ac.in/~mnm,VQZTmpcAAAAJ
Mythili Vutukuru,IIT Bombay,https://www.cse.iitb.ac.in/~mythili,-OpGJpYAAAAJ
N. R. Aravind,IIT Hyderabad,http://www.iith.ac.in/~aravind,5547vIcAAAAJ
N. Raja,Tata Inst. of Fundamental Research,http://www.tcs.tifr.res.in/~raja,VOKcfrcAAAAJ
N. Raja 0001,Tata Inst. of Fundamental Research,http://www.tcs.tifr.res.in/~raja,VOKcfrcAAAAJ
N. S. Narayanaswamy,IIT Madras,https://www.iitm.ac.in/info/fac/swamy,nGUg9VUAAAAJ
N. Viswanadham,IISc Bangalore,http://lcm.csa.iisc.ernet.in/nv,djtLYqgAAAAJ
Nabanita Das,ISI Kolkata,https://www.isical.ac.in/~ndas,hRgFZIkAAAAJ
Nandini Mukherjee,Jadavpur University,http://jaduniv.edu.in/profile.php?uid=875,cGTTsagAAAAJ
Nandlal L. Sarda,IIT Bombay,https://www.cse.iitb.ac.in/~nls,NOSCHOLARPAGE
Naqueeb Ahmad Warsi,ISI Kolkata,https://acmu.isical.ac.in/naqueeb-ahmad-warsi,NOSCHOLARPAGE
Narasimha Murty Musti,IISc Bangalore,http://www.csa.iisc.ac.in/~mnm,VQZTmpcAAAAJ
Narayanan C. Krishnan,IIT Ropar,http://www.iitrpr.ac.in/cse/ckn,rqkXaRAAAAAJ
Narayanan Chatapuram Krishnan,IIT Ropar,http://www.iitrpr.ac.in/cse/ckn,rqkXaRAAAAAJ
Narendra S. Chaudhari,IIT Indore,http://www.iiti.ac.in/~narendra,EtGuf04AAAAJ
Naresh Babu M.,National Institute of Technology Silchar,http://cs.nits.ac.in/naresh,SO7rzTUAAAAJ
Naresh Jotwani,DAIICT,http://ieee.daiict.ac.in/erte/naresh-jotwani.html,NOSCHOLARPAGE
Naresh Manwani,IIIT Hyderabad,https://www.iiit.ac.in/people/faculty/naresh.manwani,qz4eDmgAAAAJ
Naveen Garg 0001,IIT Delhi,http://www.cse.iitd.ernet.in/~naveen,wNRE148AAAAJ
Navneet Goyal,BITS Pilani,http://universe.bits-pilani.ac.in/pilani/goel/profile,YHN0TYMAAAAJ
Neelam Sinha,IIIT Bangalore,http://www.iiitb.ac.in/faculty_page.php?name=NeelamSinha,6A_OhfoAAAAJ
Neeldhara Misra,IIT Gandhinagar,http://www.iitgn.ac.in/faculty/comp/neeldhara.htm,XFgieDYAAAAJ
Neena Goveas,BITS Pilani-Goa,https://www.bits-pilani.ac.in/goa/neena/profile,if0NqpMAAAAJ
Neeraj Goel,IIT Ropar,http://www.iitrpr.ac.in/cse/neerajgoel,6AERbuMAAAAJ
Neha Karanjkar,IIT Goa,https://www.iitgoa.ac.in/faculty_page.php?id=95,Bp-of9MAAAAJ
Neminath Hubballi,IIT Indore,http://iiti.ac.in/people/~neminath,tER-kV0AAAAJ
Nibaran Das,Jadavpur University,http://nibarancse.jdvu.ac.in,vMx63B4AAAAJ
Nikhil R. Pal,ISI Kolkata,https://www.isical.ac.in/~nikhil,IGIvYfAAAAAJ
Nikhil Ranjan Pal,ISI Kolkata,https://www.isical.ac.in/~nikhil,IGIvYfAAAAAJ
Niloy Ganguly,IIT Kharagpur,http://www.facweb.iitkgp.ac.in/~niloy,hCbFmUUAAAAJ
Nipun Batra 0001,IIT Gandhinagar,https://www.iitgn.ac.in/faculty/comp/nipun.htm,rFGzHlIAAAAJ
Nirmalya Chowdhury,Jadavpur University,http://jaduniv.edu.in/profile.php?uid=871,NOSCHOLARPAGE
Nisheeth Srivastava,IIT Kanpur,http://www.iitk.ac.in/new/nisheeth-srivastava,bXX0fekAAAAJ
Nita Parekh,IIIT Hyderabad,https://www.iiit.ac.in/people/faculty/nita,AxoY6h4AAAAJ
Nitin Auluck,IIT Ropar,http://www.iitrpr.ac.in/cse/nitin,pFiwhAIAAAAJ
Nitin Saxena 0001,IIT Kanpur,http://www.cse.iitk.ac.in/users/nitin,1Yl1h_YAAAAJ
Ojaswa Sharma,IIIT Delhi,https://www.iiitd.ac.in/ojaswa,jikZgTsAAAAJ
Om P. Damani,IIT Bombay,https://www.cse.iitb.ac.in/~damani,lcRCUawAAAAJ
P. J. Narayanan,IIIT Hyderabad,https://www.iiit.ac.in/~pjn,3HKjt_IAAAAJ
P. K. Srijith,IIT Hyderabad,https://cse.iith.ac.in/?q=People/Faculty,C1YpEWsAAAAJ
P. Krishna Reddy,IIIT Hyderabad,http://faculty.iiit.ac.in/~pkreddy,XIgl8kUAAAAJ
P. P. Chakrabarti,IIT Kharagpur,http://cse.iitkgp.ac.in/~ppchak,yq-ekN8AAAAJ
P. P. Chakrabarti 0001,IIT Kharagpur,http://cse.iitkgp.ac.in/~ppchak,yq-ekN8AAAAJ
P. Radha Krishna 0001,National Institute of Technology Warangal,https://wsdc.nitw.ac.in/facultynew/facultyprofile/id/16934,JFzGHMIAAAAJ
P. Sateesh Kumar,IIT Roorkee,http://www.iitr.ac.in/departments/CSE/pages/People+Faculty+drpskfec.html,jc0x_v8AAAAJ
P. Sreenivasa Kumar,IIT Madras,http://www.cse.iitm.ac.in/~psk,QcONIzUAAAAJ
P. Ubaidulla,IIIT Hyderabad,https://www.iiit.ac.in/people/faculty/pubaidulla,JpIWSI4AAAAJ
P. Venkata Subba Reddy 0001,National Institute of Technology Warangal,https://wsdc.nitw.ac.in/facultynew/facultyprofile/id/16338,LSGPBhoAAAAJ
P. Vijay Kumar,IISc Bangalore,http://ece.iisc.ernet.in/~vijay,Wx5neQQAAAAJ
Pabitra Mitra,IIT Kharagpur,http://cse.iitkgp.ac.in/~pabitra,5bXSZPYAAAAJ
Padmanabhan Rajan,IIT Mandi,https://faculty.iitmandi.ac.in/~padman,3sZ-nzAAAAAJ
Palash Das,IIT Jodhpur,http://home.iitj.ac.in/~palashdas,PHUDoo4AAAAJ
Palash Dey,IIT Kharagpur,https://cse.iitkgp.ac.in/~palash,BkDCPiIAAAAJ
Palash Sarkar 0001,ISI Kolkata,https://www.isical.ac.in/~palash,VnxJWVEAAAAJ
Pallab Dasgupta,IIT Kharagpur,http://cse.iitkgp.ac.in/~pallab,Pw4jS9sAAAAJ
Pallavi Jain 0001,IIT Jodhpur,https://pallavijain.weebly.com,Z6Gkk6UAAAAJ
Pankaj Jalote,IIIT Delhi,https://www.iiitd.edu.in/~jalote,NOSCHOLARPAGE
Parag Chaudhuri,IIT Bombay,https://www.cse.iitb.ac.in/~paragc,kOkSgaMAAAAJ
Parag Mausam Singla,IIT Delhi,http://www.cse.iitd.ac.in/~parags,V49BsgMAAAAJ
Parag Singla,IIT Delhi,http://www.cse.iitd.ac.in/~parags,V49BsgMAAAAJ
Paritosh K. Pandya,Tata Inst. of Fundamental Research,http://www.tcs.tifr.res.in/~pandya,M_FgkWsAAAAJ
Partha Bhowmick,IIT Kharagpur,http://cse.iitkgp.ac.in/~pb,ExC8yMUAAAAJ
Partha Mukhopadhyay,CMI,http://www.cmi.ac.in/~suryajith,RPCLZDMAAAAJ
Partha P. Talukdar,IISc Bangalore,http://talukdar.net,CIZwXAcAAAAJ
Partha Pakray,National Institute of Technology Silchar,http://cs.nits.ac.in/partha,3pp18IYAAAAJ
Partha Pratim Chakrabarti,IIT Kharagpur,http://cse.iitkgp.ac.in/~ppchak,yq-ekN8AAAAJ
Partha Pratim Chakraborty,IIT Kharagpur,http://cse.iitkgp.ac.in/~ppchak,yq-ekN8AAAAJ
Partha Pratim Das,IIT Kharagpur,http://cse.iitkgp.ac.in/~ppd,UVYRNncAAAAJ
Partha Pratim Roy,IIT Roorkee,http://www.iitr.ac.in/departments/CSE/pages/People+Faculty+Partha_Pratim_Roy.html,7SQRtWUAAAAJ
Partha Pratim Talukdar,IISc Bangalore,http://talukdar.net,CIZwXAcAAAAJ
Pawan Goyal,IIT Kharagpur,http://cse.iitkgp.ac.in/~pawang,F14FHsIAAAAJ
Pawan Goyal 0002,IIT Kharagpur,http://cse.iitkgp.ac.in/~pawang,F14FHsIAAAAJ
Pawan Kumar,IIIT Hyderabad,https://www.iiit.ac.in/people/faculty/pawan.kumar,Zt5c_MYAAAAJ
Phalguni Gupta,IIT Kanpur,http://www.cse.iitk.ac.in/users/pg,NOSCHOLARPAGE
Pinaki Mitra,IIT Guwahati,http://www.iitg.ernet.in/pinaki,ZVxC1rB3vXEC
Pinakpani Pal,ISI Kolkata,https://www.isical.ac.in/~pinak,J26Wmf0AAAAJ
Pinki Roy,National Institute of Technology Silchar,http://cs.nits.ac.in/pinki,ZGnPvTIAAAAJ
Pisipati Radha Krishna,National Institute of Technology Warangal,https://wsdc.nitw.ac.in/facultynew/facultyprofile/id/16934,JFzGHMIAAAAJ
Piyus Kedia,IIIT Delhi,https://www.iiitd.ac.in/piyus,f-4PIh4AAAAJ
Piyush P Kurur,IIT Kanpur,http://www.cse.iitk.ac.in/users/ppk,NOSCHOLARPAGE
Piyush Rai,IIT Kanpur,http://cse.iitk.ac.in/users/piyush,D50grEgAAAAJ
Piyush Srivastava 0001,Tata Inst. of Fundamental Research,http://www.tifr.res.in/~piyush.srivastava,FiMu254AAAAJ
Pokhar Mal Jat,DAIICT,http://www.daiict.ac.in/daiict/people/faculty.html,NOSCHOLARPAGE
Polepalli Krishna Reddy,IIIT Hyderabad,http://faculty.iiit.ac.in/~pkreddy,XIgl8kUAAAAJ
Pollipalli Krishna Reddy,IIIT Hyderabad,http://faculty.iiit.ac.in/~pkreddy,XIgl8kUAAAAJ
Ponnurangam Kumaraguru,IIIT Hyderabad,https://www.iiit.ac.in/people/faculty/PKguru,MfzQyP8AAAAJ
Ponnurangam Kumarguru,IIIT Hyderabad,https://www.iiit.ac.in/people/faculty/PKguru,MfzQyP8AAAAJ
Poonam Goyal,BITS Pilani,http://www.bits-pilani.ac.in/pilani/poonam/profile,YHN0TYMAAAAJ
Prabhat Munshi,IIT Jammu,https://www.iitjammu.ac.in/computer_science_engineering/faculty-list/~prabhatmunshi,fX8XRcwAAAAJ
Pradeesha Ashok,IIIT Bangalore,http://www.iiitb.ac.in/faculty_page.php?name=PradeeshaAshok,kYEa1aIAAAAJ
Pradip K. Das,IIT Guwahati,http://www.iitg.ernet.in/pkdas,zNNnCEUAAAAJ
Pradipta Maji,ISI Kolkata,https://www.isical.ac.in/~pmaji,RtOqKr0AAAAJ
Prahladh Harsha,Tata Inst. of Fundamental Research,http://www.tcs.tifr.res.in/~prahladh,PTv2p1AAAAAJ
Prajakta Nimbhorkar,CMI,http://www.cmi.ac.in/~prajakta,hDBz3EUAAAAJ
Pralay Mitra,IIT Kharagpur,http://cse.iitkgp.ac.in/~pralay,LPzuRBUAAAAJ
Pranab K. Muhuri,South Asian University,http://sau.int/~cilab/pkm.php,Gj-yZscAAAAJ
Pranab Kumar Muhuri,South Asian University,http://sau.int/~cilab/pkm.php,Gj-yZscAAAAJ
Pranab Sen,Tata Inst. of Fundamental Research,http://www.tcs.tifr.res.in/~pgdsen,Ka5re30AAAAJ
Prasenjit Majumder,DAIICT,http://intranet.daiict.ac.in/~p_majumder,Cf-XE08AAAAJ
Prashanth L. A.,IIT Madras,http://www.cse.iitm.ac.in/~prashla,Q1YXWpoAAAAJ
Prashanth Lakshmanrao Ananthapadmanabharao,IIT Madras,http://www.cse.iitm.ac.in/~prashla,Q1YXWpoAAAAJ
Pratik Mazumder,IIT Jodhpur,https://sites.google.com/view/pratikmazumder,WxLYb5QAAAAJ
Pratik Narang,BITS Pilani,https://www.bits-pilani.ac.in/pilani/pratiknarang/profile,YyCGRO8AAAAJ
Praveen Paruchuri,IIIT Hyderabad,https://www.iiit.ac.in/people/faculty/praveen.p,ILUqgKEAAAAJ
Praveen Tammana,IIT Hyderabad,https://www.iith.ac.in/cse/praveent,ZCukcP4AAAAJ
Preethi Jyothi,IIT Bombay,https://www.cse.iitb.ac.in/~pjyothi,QN_uhu8AAAAJ
Preeti Mudliar,IIIT Bangalore,http://www.iiitb.ac.in/faculty_page.php?name=PreetiMudliar,NOSCHOLARPAGE
Preeti Ranjan Panda,IIT Delhi,http://www.cse.iitd.ernet.in/~panda,4Q2DOC4AAAAJ
Prem K. Kalra,IIT Delhi,http://www.cse.iitd.ernet.in/~pkalra,NOSCHOLARPAGE
Prem Kalra,IIT Delhi,http://www.cse.iitd.ernet.in/~pkalra,NOSCHOLARPAGE
Prem Kumar Kalra,IIT Delhi,http://www.cse.iitd.ernet.in/~pkalra,NOSCHOLARPAGE
Priyanka Chawla,National Institute of Technology Warangal,https://wsdc.nitw.ac.in/facultynew/facultyprofile/id/17088,ByZDgyUAAAAJ
Priyanka Srivastava,IIIT Hyderabad,https://www.iiit.ac.in/people/faculty/priyanka,xjiw6DYAAAAJ
Puneet Goyal,IIT Ropar,http://www.iitrpr.ac.in/cse/puneet,J_MIa1oAAAAJ
Purandar Bhaduri,IIT Guwahati,https://www.iitg.ernet.in/pbhaduri,rRuMQwgAAAAJ
Puru Kulkarni,IIT Bombay,https://www.cse.iitb.ac.in/~puru,Gs3HO5kAAAAJ
Purushottam Kar,IIT Kanpur,http://www.cse.iitk.ac.in/users/purushot,MNXz0AoAAAAJ
Purushottam Kulkarni,IIT Bombay,https://www.cse.iitb.ac.in/~puru,Gs3HO5kAAAAJ
Pushpak Bhattacharya,IIT Bombay,https://www.cse.iitb.ac.in/~pb,vvg-pAkAAAAJ
Pushpak Bhattacharyya,IIT Bombay,https://www.cse.iitb.ac.in/~pb,vvg-pAkAAAAJ
Pushpak Jagtap,IISc Bangalore,https://www.pushpakjagtap.com,Szd98jUAAAAJ
Pushpendra Singh 0001,IIIT Delhi,https://www.iiitd.edu.in/~pushpendra,qkSEUCMAAAAJ
R. B. Mishra,IIT (BHU) Varanasi,http://www.iitbhu.ac.in/cse/index.php/people/faculty/24.html,5ujlOtgAAAAJ
R. B. V. Subramanyam,National Institute of Technology Warangal,https://wsdc.nitw.ac.in/facultynew/facultyprofile/id/16341,NOSCHOLARPAGE
R. Govindarajan,IISc Bangalore,http://www.csa.iisc.ac.in/~govind,wWrR-qgAAAAJ
R. Inkulu,IIT Guwahati,http://www.iitg.ernet.in/rinkulu,NOSCHOLARPAGE
R. K. Bagga,IIIT Hyderabad,https://www.iiit.ac.in/people/faculty/rbagga,NOSCHOLARPAGE
R. Padmavathy,National Institute of Technology Warangal,https://wsdc.nitw.ac.in/facultynew/facultyprofile/id/16345,QVuSh6EAAAAJ
R. Ramanujam,IMSc,http://www.imsc.res.in/~jam,NOSCHOLARPAGE
R. Ramanujam 0001,IMSc,http://www.imsc.res.in/~jam,NOSCHOLARPAGE
R.C. Hansdah,IISc Bangalore,http://www.csa.iisc.ac.in/people/people-faculty-hansdah.html,ZxBF_lUAAAAJ
Radhika Mamidi,IIIT Hyderabad,https://www.iiit.ac.in/people/faculty/radhikamamidi,DsIpZR0AAAAJ
Ragesh Jaiswal,IIT Delhi,http://www.cse.iitd.ernet.in/~rjaiswal,hrbj92oAAAAJ
Raghava Mutharaju,IIIT Delhi,https://www.iiitd.ac.in/raghavam,69pEM_YAAAAJ
Raghavan Komondoor,IISc Bangalore,http://www.csa.iisc.ac.in/~raghavan,fZq9W2cAAAAJ
Raghu Reddy,IIIT Hyderabad,http://faculty.iiit.ac.in/~raghu.reddy,NOSCHOLARPAGE
Raghunath Tewari,IIT Kanpur,http://www.cse.iitk.ac.in/users/rtewari,Ks3QdEUAAAAJ
Raghuvansh R. Saxena,Tata Inst. of Fundamental Research,https://www.tcs.tifr.res.in/web/people/faculty,NOSCHOLARPAGE
Raghuvansh Saxena,Tata Inst. of Fundamental Research,https://www.tcs.tifr.res.in/web/people/faculty,NOSCHOLARPAGE
Rahul Banerjee,BITS Pilani,http://www.bits-pilani.ac.in/pilani/rahulbanerjee/profile,4ky6cJ0AAAAJ
Rahul Dubey,DAIICT,http://www.daiict.ac.in/daiict/people/faculty.html,w5W-kUsAAAAJ
Rahul Garg 0001,IIT Delhi,http://www.cse.iitd.ernet.in/~rahulgarg,1B4UlwUAAAAJ
Rahul Mohanani,IIIT Delhi,https://iiitd.ac.in/rahulm,7xOKo6YAAAAJ
Rahul Muthu,DAIICT,http://www.daiict.ac.in/daiict/people/faculty.html,NOSCHOLARPAGE
Rahul Narain,IIT Delhi,http://rahul.narain.name,NOSCHOLARPAGE
Rahul Purandare,IIIT Delhi,https://www.iiitd.edu.in/~purandare,_OLz-J0AAAAJ
Rahul Vaze,Tata Inst. of Fundamental Research,http://www.tcs.tifr.res.in/~vaze,NOSCHOLARPAGE
Raja Natarajan,Tata Inst. of Fundamental Research,http://www.tcs.tifr.res.in/~raja,VOKcfrcAAAAJ
Rajasekhar Inkulu,IIT Guwahati,http://www.iitg.ernet.in/rinkulu,NOSCHOLARPAGE
Rajat K. De,ISI Kolkata,https://www.isical.ac.in/~rajat,gM9LAI0AAAAJ
Rajat Kumar De,ISI Kolkata,https://www.isical.ac.in/~rajat,gM9LAI0AAAAJ
Rajat Mittal 0001,IIT Kanpur,http://www.cse.iitk.ac.in/users/rmittal,gK5DF9QAAAAJ
Rajat Moona,IIT Kanpur,http://www.cse.iitk.ac.in/users/moona,NOSCHOLARPAGE
Rajat Subhra Chakraborty,IIT Kharagpur,https://sites.google.com/site/rschakraborty,ITIg9kkAAAAJ
Rajdeep Niyogi,IIT Roorkee,http://www.iitr.ac.in/departments/CSE/pages/People+Faculty+rajdpfec.html,NOSCHOLARPAGE
Rajeev Sangal,IIT (BHU) Varanasi,https://www.iiit.ac.in/people/faculty/sangal,NOSCHOLARPAGE
Rajendra Mitharwal,DAIICT,http://faculty.daiict.ac.in/rmitharwal,NOSCHOLARPAGE
Rajesh Kumar 0012,BITS Pilani-Goa,https://beta.bits-pilani.ac.in/faculty-overview/?faculty=rajesh-kumar-3,ZZFnM2gAAAAJ
Rajib Lochan Das,DAIICT,http://www.daiict.ac.in/daiict/people/faculty.html,Mwvvro4AAAAJ
Rajib Mall,IIT Kharagpur,http://www.iitkgp.ac.in/department/CS/faculty/cs-rajib,dt2fhqYAAAAJ
Rajiv Misra,IIT Patna,https://iitp.ac.in/index.php/departments/engineering/computer-science-a-engineering/people/faculty/dr-rajiv-misra.html,VDbjyx4AAAAJ
Rajiv Raman 0001,IIIT Delhi,https://www.iiitd.ac.in/rajiv,DJGy8xUAAAAJ
Rajiv Ratn Shah,IIIT Delhi,https://old.iiitd.ac.in/people/adjunct-visiting,WAChZv4AAAAJ
Rajsekar Manokaran,IIT Madras,http://www.cse.iitm.ac.in/~rajsekar,NOSCHOLARPAGE
Raju Bhukya,National Institute of Technology Warangal,https://wsdc.nitw.ac.in/facultynew/facultyprofile/id/16343,YUfDlyUAAAAJ
Raju Halder,IIT Patna,https://iitp.ac.in/~halder,mA0HQJEAAAAJ
Raju S. Bapi,IIIT Hyderabad,https://www.iiit.ac.in/people/faculty/rajubapi,bbSYyiAAAAAJ
Raju Surampudi Bapi,IIIT Hyderabad,https://www.iiit.ac.in/people/faculty/rajubapi,bbSYyiAAAAAJ
Rakesh Venkat,IIT Hyderabad,https://www.iith.ac.in/~rakeshvenkat,Igl7BusAAAAJ
Ram Sarkar,Jadavpur University,http://www.jaduniv.edu.in/profile.php?uid=686,bDj0BUEAAAAJ
Rama Murthy Garimella,IIIT Hyderabad,https://www.iiit.ac.in/people/faculty/ramamurthy,YUWS9LAAAAAJ
Ramakrishna Upadrasta,IIT Hyderabad,http://www.iith.ac.in/~ramakrishna,3qZCtWYAAAAJ
Ramalingaswamy Cheruku,National Institute of Technology Warangal,https://wsdc.nitw.ac.in/facultynew/facultyprofile/id/17070,E-XoNN0AAAAJ
Raman Balasubramanian,IIT Roorkee,http://www.iitr.ac.in/departments/CSE/pages/Home+Departments_and_Centres+Mathematics+People+Faculty+Balasubramanian_R_.html,QU2O6JMAAAAJ
Ramanathan Subramanian,IIIT Hyderabad,https://www.iiit.ac.in/people/faculty/s.ramanathan,mUvcmRsAAAAJ
Ramaswamy Govindarajan,IISc Bangalore,http://www.csa.iisc.ac.in/~govind,wWrR-qgAAAAJ
Ramaswamy Ramanujam,IMSc,http://www.imsc.res.in/~jam,NOSCHOLARPAGE
Rambabu Kalla,IIIT Hyderabad,https://www.iiit.ac.in/people/faculty/rambabukalla,NOSCHOLARPAGE
Ramesh Loganathan,IIIT Hyderabad,https://www.iiit.ac.in/people/faculty/ramesh.loganathan,NOSCHOLARPAGE
Ramprasad Joshi,BITS Pilani-Goa,https://universe.bits-pilani.ac.in/goa/rsj/profile,2Sv-n_sAAAAJ
Ramprasad S. Joshi,BITS Pilani-Goa,https://universe.bits-pilani.ac.in/goa/rsj/profile,2Sv-n_sAAAAJ
Ramprasad Saptharishi,Tata Inst. of Fundamental Research,http://www.tcs.tifr.res.in/~ramprasad,NOSCHOLARPAGE
Ranendu Ghosh,DAIICT,http://www.daiict.ac.in/daiict/people/faculty.html,BDnMnJkAAAAJ
Ranita Biswas,IIT Roorkee,http://faculty.iitr.ac.in/~ranitafcs,x2obmAYAAAAJ
Rao Sreenivasa Krothapalli,IIT Kharagpur,https://cse.iitkgp.ac.in/~ksrao,TATEL2EAAAAJ
Rashmi Dutta Baruah,IIT Guwahati,https://www.iitg.ernet.in/r.duttabaruah,pSiO0xoAAAAJ
Rashmi Ranjan Rout,National Institute of Technology Warangal,https://wsdc.nitw.ac.in/facultynew/facultyprofile/id/16336,SQTBOa8AAAAJ
Ratan K. Ghosh,IIT Kanpur,http://www.iitk.ac.in/new/dr-r-k-ghosh,UNULIi0AAAAJ
Ravi Kiran Sarvadevabhatla,IIIT Hyderabad,https://www.iiit.ac.in/people/faculty/ravi.kiran,oLJTcXIAAAAJ
Ravichandra Sadam,National Institute of Technology Warangal,https://wsdc.nitw.ac.in/facultynew/facultyprofile/id/16342,JFldEvMAAAAJ
Renu M. Rameshan,IIT Mandi,http://faculty.iitmandi.ac.in/research/publications/Author/renumr.php,NOSCHOLARPAGE
Renu Rameshan,IIT Mandi,http://faculty.iitmandi.ac.in/research/publications/Author/renumr.php,NOSCHOLARPAGE
Reshma Khemchandani,South Asian University,http://sau.int/faculty/faculty-profile.html?staff_id=73,NqIkygEAAAAJ 
Reshma Rastogi,South Asian University,http://sau.int/faculty/faculty-profile.html?staff_id=73,NqIkygEAAAAJ
Richa Singh 0001,IIT Jodhpur,http://home.iitj.ac.in/~richa,okqK5UAAAAAJ
Rijurekha Sen,IIT Delhi,http://www.cse.iitd.ernet.in/~rijurekha,yTPVlzgAAAAJ
Rinku Shah,IIIT Delhi,https://www.iiitd.ac.in/rinku,jNhSvOEAAAAJ
Ripon Patgiri,National Institute of Technology Silchar,http://cs.nits.ac.in/rp,UqnzylwAAAAJ
Rogers Mathew,IIT Hyderabad,https://iith.ac.in/~rogers,-euQnQYAAAAJ
Romi Banerjee,IIT Jodhpur,https://sites.google.com/site/romibitsnbob/home,BiSvmeMAAAAJ
Ruchir Gupta,IIT (BHU) Varanasi,http://www.iitbhu.ac.in/cse/index.php/people/faculty.html,eIlo7rEAAAAJ
Rupesh Nasre,IIT Madras,http://www.cse.iitm.ac.in/~rupesh,NOSCHOLARPAGE
Rushikesh Joshi,IIT Bombay,https://www.cse.iitb.ac.in/~rkj,zmDfshUAAAAJ
Rushikesh K. Joshi,IIT Bombay,https://www.cse.iitb.ac.in/~rkj,zmDfshUAAAAJ
Rutu Parekh,DAIICT,http://faculty.daiict.ac.in/rutu-parikh,NOSCHOLARPAGE
S. Akshay 0001,IIT Bombay,https://www.cse.iitb.ac.in/~akshayss,mtufk2wAAAAJ
S. Arun-Kumar 0004,IIT Delhi,http://www.cse.iitd.ernet.in/~sak,kfWW5x4AAAAJ
S. Arunkumar 0004,IIT Delhi,http://www.cse.iitd.ernet.in/~sak,kfWW5x4AAAAJ
S. Bapi Raju,IIIT Hyderabad,https://www.iiit.ac.in/people/faculty/rajubapi,bbSYyiAAAAAJ
S. Krishna 0004,IIT Bombay,https://www.cse.iitb.ac.in/~krishnas,14JlaZsAAAAJ
S. P. Suresh,CMI,http://www.cmi.ac.in/~spsuresh,S0fWcAoAAAAJ
S. Prahallad Kishore,IIIT Hyderabad,https://www.iiit.ac.in/people/faculty/kishore,3-8i_54AAAAJ
S. R. S. Iyengar,IIT Ropar,http://sudarshaniyengar.com,NOSCHOLARPAGE
S. Sudarshan 0001,IIT Bombay,https://www.cse.iitb.ac.in/~sudarsha,KVbazsEAAAAJ
S. V. Rao,IIT Guwahati,https://www.iitg.ernet.in/svrao,4NoqGCEAAAAJ
Sabyasachi Karati,ISI Kolkata,https://www.isical.ac.in/~skarati,NOSCHOLARPAGE
Sachin Chaudhari,IIIT Hyderabad,https://www.iiit.ac.in/people/faculty/sachin.chaudhari,vowwEQgAAAAJ
Sachit Rao,IIIT Bangalore,http://www.iiitb.ac.in/faculty_page.php?name=SachitRao,NOSCHOLARPAGE
Sadam Ravichandra,National Institute of Technology Warangal,https://wsdc.nitw.ac.in/facultynew/facultyprofile/id/16342,JFldEvMAAAAJ
Sajith Gopalan,IIT Guwahati,http://www.iitg.ernet.in/sajith,Ukp9zWcAAAAJ
Saket Anand,IIIT Delhi,https://www.iiitd.ac.in/anands,YmYvVEQAAAAJ
Saket Saurabh 0001,IMSc,http://www.imsc.res.in/~saket,SB7uTZoAAAAJ
Saladi Rahul,IISc Bangalore,https://drona.csa.iisc.ac.in/~saladi,CuqCFEYAAAAJ
Samar Agnihotri,IIT Mandi,http://faculty.iitmandi.ac.in/~samar,qZkww5oAAAAJ
Samaresh Bera,IIT Jammu,https://www.iitjammu.ac.in/computer_science_engineering/faculty-list/~samareshbera,avYKpzAAAAAJ
Sambuddho Chakravarty,IIIT Delhi,https://www.iiitd.ac.in/sambuddho,8CJgHUIAAAAJ
Sameer G. Kulkarni,IIT Gandhinagar,https://iitgn.ac.in/faculty/cse/sameer,CnPfKYUAAAAJ
Samir Borgohain,National Institute of Technology Silchar,http://cs.nits.ac.in/samir,sxajfT0AAAAJ
Samir Datta,CMI,http://www.cmi.ac.in/~sdatta,rQj5IIkAAAAJ
Samir Kumar Borgohain,National Institute of Technology Silchar,http://cs.nits.ac.in/samir,sxajfT0AAAAJ
Samit Bhattacharya,IIT Guwahati,http://www.iitg.ernet.in/samit,oXu5o6gAAAAJ
Samrat Mondal,IIT Patna,https://iitp.ac.in/index.php/departments/engineering/computer-science-a-engineering/people/faculty/dr-samrat-mondal.html,NOSCHOLARPAGE
Sanasam Ranbir Singh,IIT Guwahati,https://www.iitg.ernet.in/ranbir,NOSCHOLARPAGE
Sandeep Juneja,Tata Inst. of Fundamental Research,http://www.tcs.tifr.res.in/~sandeepj,Tfgv6VgAAAAJ
Sandeep Juneja 0001,Tata Inst. of Fundamental Research,http://www.tcs.tifr.res.in/~sandeepj,Tfgv6VgAAAAJ
Sandeep K. Juneja,Tata Inst. of Fundamental Research,http://www.tcs.tifr.res.in/~sandeepj,Tfgv6VgAAAAJ
Sandeep K. Shukla,IIT Kanpur,http://www.cse.iitk.ac.in/users/sandeeps,SKqctYsAAAAJ
Sandeep Kumar Shukla,IIT Kanpur,http://www.cse.iitk.ac.in/users/sandeeps,SKqctYsAAAAJ
Sandeep Sen,IIT Delhi,http://www.cse.iitd.ac.in/~ssen,GK7JUpkAAAAJ
Sandip Chakraborty,IIT Kharagpur,http://cse.iitkgp.ac.in/~sandipc,dEpbTokAAAAJ
Sandip Das 0001,ISI Kolkata,https://www.isical.ac.in/~sandipdas,nb68w1cAAAAJ
Sanghamitra Bandyopadhyay,ISI Kolkata,https://www.isical.ac.in/~sanghami,mHrEBuUAAAAJ
Sangharatna Godboley,National Institute of Technology Warangal,https://wsdc.nitw.ac.in/facultynew/facultyprofile/id/17074,_HlGuXAAAAAJ
Sangharatna J. Godboley,National Institute of Technology Warangal,https://wsdc.nitw.ac.in/facultynew/facultyprofile/id/17074,_HlGuXAAAAAJ
Sanjay K. Sahay,BITS Pilani-Goa,https://www.bits-pilani.ac.in/goa/ssahay/profile,i6lSvKEAAAAJ
Sanjay Kumar Sahay,BITS Pilani-Goa,https://www.bits-pilani.ac.in/goa/ssahay/profile,i6lSvKEAAAAJ
Sanjay Kumar Singh,IIT (BHU) Varanasi,http://www.iitbhu.ac.in/cse/index.php/people/faculty/25.html,YEmMQUgAAAAJ
Sanjay Srivastava,DAIICT,http://intranet.daiict.ac.in/~sanjay_srivastava,VpSSqi0AAAAJ
Sanjaya K. Panda,National Institute of Technology Warangal,https://wsdc.nitw.ac.in/facultynew/facultyprofile/id/17027,Amtx7OIAAAAJ
Sanjaya Kumar Panda,National Institute of Technology Warangal,https://wsdc.nitw.ac.in/facultynew/facultyprofile/id/17027,Amtx7OIAAAAJ
Sanjeev Gupta,DAIICT,http://www.daiict.ac.in/daiict/people/faculty.html,yJ50KJsAAAAJ
Sanjeev Saxena,IIT Kanpur,http://www.iitk.ac.in/new/dr-sanjeev-saxena,_hRiGsQAAAAJ
Sanjit Chatterjee,IISc Bangalore,http://www.csa.iisc.ac.in/~sanjit,bbLLOyIAAAAJ
Sanjiva Prasad,IIT Delhi,http://www.cse.iitd.ernet.in/~sanjiva,NOSCHOLARPAGE
Sanjoy Kumar Saha 0001,Jadavpur University,http://jaduniv.edu.in/profile.php?uid=667,X3Cu3hYAAAAJ
Santanu Chaudhury,IIT Jodhpur,https://web.iitd.ac.in/~santanuc,V6NJi4kAAAAJ
Santonu Sarkar,BITS Pilani-Goa,https://www.bits-pilani.ac.in/goa/santonus/profile,8UNP6BIAAAAJ
Santosh Biswas,IIT Guwahati,https://www.iitg.ernet.in/santosh_biswas,Myp5iZkAAAAJ
Saptarshi Ghosh 0001,IIT Kharagpur,https://sites.google.com/site/saptarshighosh,7TmKZv0AAAAJ
Sarbani Palit,ISI Kolkata,https://www.isical.ac.in/~sarbanip,RYeIY-0AAAAJ
Sarbani Roy,Jadavpur University,https://sites.google.com/site/sarbaniroy,vembv2sAAAAJ
Sarmistha Neogy,Jadavpur University,http://jaduniv.edu.in/profile.php?uid=873,ync_fv8AAAAJ
Saroj K. Biswas 0001,National Institute of Technology Silchar,http://cs.nits.ac.in/saroj,KHQrZawAAAAJ
Saroj Kaushik,IIT Delhi,http://www.cse.iitd.ernet.in/~saroj,NOSCHOLARPAGE
Saroj Kr. Biswas 0001,National Institute of Technology Silchar,http://cs.nits.ac.in/saroj,KHQrZawAAAAJ
Saroj Kumar Biswas,National Institute of Technology Silchar,http://cs.nits.ac.in/saroj,KHQrZawAAAAJ
Saroj Kumar Biswas 0001,National Institute of Technology Silchar,http://cs.nits.ac.in/saroj,KHQrZawAAAAJ
Sasanka Roy,ISI Kolkata,https://www.isical.ac.in/~sasanka,MXzoc30AAAAJ
Sasthi C. Ghosh 0001,ISI Kolkata,https://www.isical.ac.in/~sasthi,3ykZojsAAAAJ
Sasthi Charan Ghosh,ISI Kolkata,https://www.isical.ac.in/~sasthi,3ykZojsAAAAJ
Saswata Shannigrahi,IIIT Hyderabad,https://www.iiit.ac.in/people/faculty/saswata.sh,PbbIftYAAAAJ
Sathish Govindarajan,IISc Bangalore,http://www.csa.iisc.ac.in/~gsat,6sRrxpAAAAAJ
Sathya Peri,IIT Hyderabad,http://www.iith.ac.in/~sathya_p,fUUk1jkAAAAJ
Satrajit Ghosh,IIT Kharagpur,https://satcrypt.github.io,DC6eaGYAAAAJ
Satyadev Nandakumar,IIT Kanpur,http://www.cse.iitk.ac.in/users/satyadev,lMAxggwAAAAJ
Satyajit Thakor,IIT Mandi,http://faculty.iitmandi.ac.in/~satyajit,B4gJ7CoAAAAJ
Satyanath Bhat,IIT Goa,https://www.iitgoa.ac.in/faculty_page.php?id=112,YDBDyLIAAAAJ
Saurabh Joshi 0001,IIT Hyderabad,http://www.iith.ac.in/~sbjoshi,MvHEGbYAAAAJ
Saurabh Tiwari,DAIICT,http://www.daiict.ac.in/daiict/people/faculty.html,rjyRdosAAAAJ
Sayan Ranu,IIT Delhi,http://www.cse.iitd.ac.in/~sayan,K4w5qYUAAAAJ
Sayantan Mukherjee,IIT Jammu,https://www.iitjammu.ac.in/computer_science_engineering/faculty-list/~sayantanmukherjee,BklAwrMAAAAJ
Shachi Sharma,South Asian University,http://sau.int/faculty/faculty-profile.html?staff_id=87,TltIxw8AAAAJ
Shaifu Gupta,IIT Jammu,https://www.iitjammu.ac.in/computer_science_engineering/faculty-list/~shaifugupta,XGMQWb8AAAAJ
Shalabh Bhatnagar,IISc Bangalore,http://www.csa.iisc.ac.in/~shalabh,cj3fJJsbjAoC
Shamik Sural,IIT Kharagpur,http://www.facweb.iitkgp.ac.in/~shamik,zmtaYLIAAAAJ
Shankara Narayanan Krishna,IIT Bombay,https://www.cse.iitb.ac.in/~krishnas,14JlaZsAAAAJ
Shankaranarayanan Krishna,IIT Bombay,https://www.cse.iitb.ac.in/~krishnas,14JlaZsAAAAJ
Shanmuganathan Raman,IIT Gandhinagar,http://www.iitgn.ac.in/faculty/electrical/shanmuganathan.htm,3YWptB8AAAAJ
Sharad Sinha,IIT Goa,https://www.iitgoa.ac.in/~sharad,ZgvhpvEAAAAJ
Sharat Chandran,IIT Bombay,https://www.cse.iitb.ac.in/~sharat,pRDtIYcAAAAJ
Shashank K. Mehta,IIT Kanpur,http://www.iitk.ac.in/new/dr-shashank-k-mehta,77K1J3cAAAAJ
Shatrunjay Rawat,IIIT Hyderabad,https://www.iiit.ac.in/people/faculty/shatrunjay.rawat,NOSCHOLARPAGE
Shibashis Guha,Tata Inst. of Fundamental Research,https://www.tcs.tifr.res.in/web/people/faculty,NOSCHOLARPAGE
Shirish K. Shevade,IISc Bangalore,http://www.csa.iisc.ac.in/~shirish,HOIpJSwAAAAJ
Shirish Krishnaj Shevade,IISc Bangalore,http://www.csa.iisc.ac.in/~shirish,HOIpJSwAAAAJ
Shishir Kolathaya,IISc Bangalore,https://shishirny.github.io,is0x16gAAAAJ
Shishir N. Y. Kolathaya,IISc Bangalore,https://shishirny.github.io,is0x16gAAAAJ
Shishir Nadubettu Yadukumar,IISc Bangalore,https://shishirny.github.io,is0x16gAAAAJ
Shivaram Kalyanakrishnan,IIT Bombay,https://www.cse.iitb.ac.in/~shivaram,YZkeEqAAAAAJ
Shivashankar B. Nair,IIT Guwahati,https://www.iitg.ernet.in/sbnair,wfeT0bYAAAAJ
Shrisha Rao 0001,IIIT Bangalore,http://www.iiitb.ac.in/faculty_page.php?name=ShrishaRao,SxYeZQcAAAAJ
Shubhangi K. Gawali,BITS Pilani-Goa,https://www.bits-pilani.ac.in/goa/shubhangi/profile,2hDkzdgAAAAJ
Shubhra Sankar Ray,ISI Kolkata,https://www.isical.ac.in/~shubhra,or5TH2oAAAAJ
Shweta Agrawal,IIT Madras,http://www.cse.iitm.ac.in/~shwetaag,uLkJ5_4AAAAJ
Shyamapada Mukherjee,National Institute of Technology Silchar,http://cs.nits.ac.in/shyama,qGuy8goAAAAJ
Shyamosree Pal,National Institute of Technology Silchar,http://cs.nits.ac.in/spal,lpybqSwAAAAJ
Siddharth Barman,IISc Bangalore,http://www.csa.iisc.ac.in/~barman,HcGQSKIAAAAJ
Siddhartha Chaudhuri,IIT Bombay,https://www.cse.iitb.ac.in/~sidch,QMc-grEAAAAJ
Siddhartha Sarma,IIT Mandi,http://faculty.iitmandi.ac.in/~siddhartha/index.html,c-oFx5UAAAAJ
Sivaji Bandyopadhyay,Jadavpur University,http://jaduniv.edu.in/profile.php?uid=2,_NQqd9YAAAAJ
Smruti R. Sarangi,IIT Delhi,http://www.cse.iitd.ac.in/~srsarangi,-5JfCRsAAAAJ
Smruti Ranjan Sarangi,IIT Delhi,http://www.cse.iitd.ac.in/~srsarangi,-5JfCRsAAAAJ
Smruti Sarangi,IIT Delhi,http://www.cse.iitd.ac.in/~srsarangi,-5JfCRsAAAAJ
Snehanshu Saha,BITS Pilani-Goa,https://www.bits-pilani.ac.in/goa/snehanshus/profile,C-Qm2LcAAAAJ
Sobhan Babu Chintapalli,IIT Hyderabad,https://www.iith.ac.in/~sobhan,NOSCHOLARPAGE
Soma Paul,IIIT Hyderabad,https://www.iiit.ac.in/people/faculty/soma,rNO7BrYAAAAJ
Somak Aditya,IIT Kharagpur,https://adityasomak.github.io,2shiHpwAAAAJ
Somanath Tripathy,IIT Patna,https://iitp.ac.in/index.php/departments/engineering/computer-science-a-engineering/people/faculty/dr-somanath-tripathy.html,sYHVfuEAAAAJ
Somenath Biswas,IIT Kanpur,http://www.iitk.ac.in/new/dr-somenath-biswas,remwKicAAAAJ
Somindu C. Ramanna,IIT Kharagpur,https://cse.iitkgp.ac.in/~somindu,NOSCHOLARPAGE
Somnath Dey,IIT Indore,http://www.iiti.ac.in/~somnathd,rjzlx8wAAAAJ
Sorav Bansal,IIT Delhi,http://www.cse.iitd.ernet.in/~sbansal,TqGZtpoAAAAJ
Sougata Sen,BITS Pilani-Goa,http://www.sougata-sen.com,IEy_zGEAAAAJ
Soumen Chakrabarti,IIT Bombay,https://www.cse.iitb.ac.in/~soumen,LfF2zfQAAAAJ
Soumya K. Ghosh,IIT Kharagpur,http://www.facweb.iitkgp.ac.in/~skg,wTtdGd4AAAAJ
Soumya K. Ghosh 0001,IIT Kharagpur,http://www.facweb.iitkgp.ac.in/~skg,wTtdGd4AAAAJ
Soumya Kanti Ghosh 0001,IIT Kharagpur,http://www.facweb.iitkgp.ac.in/~skg,wTtdGd4AAAAJ
Soumyajit Dey,IIT Kharagpur,http://cse.iitkgp.ac.in/~soumya,XJI3nYIAAAAJ
Sourangshu Bhattacharya,IIT Kharagpur,http://cse.iitkgp.ac.in/~sourangshu,IixRsP0AAAAJ
Sourav Chakraborty 0001,ISI Kolkata,https://www.isical.ac.in/~sourav,rXKZblQAAAAJ
Sourav Kumar Dandapat,IIT Patna,https://iitp.ac.in/index.php/departments/engineering/computer-science-a-engineering/people/faculty/1608-dr-sourav-kumar-dandapat.html,NOSCHOLARPAGE
Sourish Dasgupta,DAIICT,http://www.daiict.ac.in/daiict/people/faculty.html,dK0_8CcAAAAJ
Spandan Roy,IIIT Hyderabad,https://www.iiit.ac.in/people/faculty/Spandan,tUKoUgMAAAAJ
Sravan Danda,BITS Pilani-Goa,https://www.bits-pilani.ac.in/goa/dandas/profile,5kSGWFoAAAAJ
Sridhar Iyer,IIT Bombay,http://www.it.iitb.ac.in/~sri,I7pOhHsAAAAJ
Srikant Srinivasan,IIT Mandi,http://faculty.iitmandi.ac.in/~srikant_srinivasan,NOSCHOLARPAGE
Srikanta Bedathur,IIT Delhi,http://www.cse.iitd.ac.in/~bedathur,e7Qs3JgAAAAJ
Srikanta J. Bedathur,IIT Delhi,http://www.cse.iitd.ac.in/~bedathur,e7Qs3JgAAAAJ
Srikanth T. K,IIIT Bangalore,http://www.iiitb.ac.in/faculty_page.php?name=TKSrikanth,IFuQJy0AAAAJ
Srimanta Pal,ISI Kolkata,https://www.isical.ac.in/srimanta-pal,NOSCHOLARPAGE
Srinath R. Naidu,IIIT Bangalore,http://www.iiitb.ac.in/faculty_page.php?name=SrinathRNaidu,eJOK4wwAAAAJ
Srinath Srinivasa,IIIT Bangalore,http://www.iiitb.ac.in/faculty_page.php?name=SrinathSrinivasa,PckUVJsAAAAJ
Sriparna Saha 0001,IIT Patna,http://www.iitp.ac.in/~sriparna,Fj7jA_AAAAAJ
Sriram G. Sanjeevi,National Institute of Technology Warangal,https://wsdc.nitw.ac.in/facultynew/facultyprofile/id/16347,i7-EcoQAAAAJ
Sriram Kailasam,IIT Mandi,http://faculty.iitmandi.ac.in/~sriramk,xLWew1gAAAAJ
Subashish Datta,IIT Mandi,https://www.facebook.com/subashish.datta,dyRc_BIAAAAJ
Subhabrata Samajder,IIIT Delhi,https://www.iiitd.ac.in/subhabrata,FoJNBQYAAAAJ
Subhadip Basu,Jadavpur University,http://jaduniv.edu.in/profile.php?uid=683,IfMtyuYAAAAJ
Subhajit Roy 0001,IIT Kanpur,http://www.cse.iitk.ac.in/users/subhajit,FIiF03AAAAAJ
Subhajit Sen,IIIT Bangalore,http://www.iiitb.ac.in/faculty_page.php?name=SubajitSen,uPa54XcAAAAJ
Subhamoy Maitra,ISI Kolkata,https://www.isical.ac.in/~subho,PEDk2XQAAAAJ
Subhankar Mishra,NISER,https://www.niser.ac.in/~smishra,FICz_ukAAAAJ
Subhas C. Nandy,ISI Kolkata,https://www.isical.ac.in/~nandysc,8v3wjowAAAAJ
Subhashis Banerjee,IIT Delhi,http://www.cse.iitd.ernet.in/~suban,UU9KftAAAAAJ
Subhasis Bhattacharjee,IIT Jammu,https://www.iitjammu.ac.in/computer_science_engineering/faculty-list/~subhasisbhattacharjee,1ADbjlUAAAAJ
Subodh Kumar 0001,IIT Delhi,http://www.cse.iitd.ac.in/~subodh,NOSCHOLARPAGE
Subodh Sharma 0001,IIT Delhi,http://www.cse.iitd.ernet.in/~svs,BXmyJ6QAAAAJ
Subodh Vishnu Sharma,IIT Delhi,http://www.cse.iitd.ernet.in/~svs,BXmyJ6QAAAAJ
Subrahmanyam Kalyanasundaram,IIT Hyderabad,https://www.iith.ac.in/~subruk,NOSCHOLARPAGE
Subrahmanyam Kambhampati Venkata,CMI,http://www.cmi.ac.in/~kv,pxVeS_IAAAAJ
Subramanian Ramanathan,IIIT Hyderabad,https://www.iiit.ac.in/people/faculty/s.ramanathan,mUvcmRsAAAAJ
Suchetana Chakraborty,IIT Jodhpur,http://home.iitj.ac.in/~suchetana,sLnKodYAAAAJ
Sudakshina Dutta,IIT Goa,https://www.iitgoa.ac.in/~sudakshina,sijfhHoAAAAJ
Sudarshan Iyengar,IIT Ropar,http://sudarshaniyengar.com,NOSCHOLARPAGE
Sudebkumar Prasant Pal,IIT Kharagpur,http://www.facweb.iitkgp.ac.in/~spp,NOSCHOLARPAGE
Sudeept Mohan,BITS Pilani,http://universe.bits-pilani.ac.in/pilani/sudeeptm/profile,PlSyV6AAAAAJ
Sudeshna Kolay,IIT Kharagpur,https://cse.iitkgp.ac.in/~skolay,TIz3qpUAAAAJ
Sudeshna Sarkar,IIT Kharagpur,http://www.facweb.iitkgp.ac.in/~sudeshna,AwP_bbsAAAAJ
Sudip Kumar Naskar,Jadavpur University,https://sites.google.com/site/sudipnaskar,RMJLRiIAAAAJ
Sudip Mishra,IIT Kharagpur,http://cse.iitkgp.ac.in/~smisra,h33l-A8AAAAJ
Sudip Roy 0001,IIT Roorkee,http://www.iitr.ac.in/departments/CSE/pages/People+Sudip_Roy.html,UBfH3WQAAAAJ
Sudipta Saha,IIT Bhubaneswar,http://www.iitbbs.ac.in/old/profile.php/sudipta,UyHoypnIjMYC
Suganya Devi K,National Institute of Technology Silchar,http://cs.nits.ac.in/suganya,AdtGcxoAAAAJ
Sugata Gangopadhyay,IIT Roorkee,http://www.iitr.ac.in/departments/CSE/pages/Home+Departments_and_Centres+Mathematics+People+Faculty+Gangopadhyay_Sugata.html,J7_k8JEAAAAJ
Sujata Pal,IIT Ropar,http://www.iitrpr.ac.in/cse/sujata,9gcmeKwAAAAJ
Sujay Deb,IIIT Delhi,https://www.iiitd.ac.in/sdeb,e3z7tT0AAAAJ
Sujit Chakrabarti,IIIT Bangalore,http://www.iiitb.ac.in/faculty_page.php?name=SujitKumarChakrabarti,NOSCHOLARPAGE
Sujit Das,National Institute of Technology Warangal,https://wsdc.nitw.ac.in/facultynew/facultyprofile/id/16932,kTriBqkAAAAJ
Sujit Gujar,IIIT Hyderabad,https://www.iiit.ac.in/people/faculty/sujit.g,9yxKajsAAAAJ
Sujit Kumar Chakrabarti,IIIT Bangalore,http://www.iiitb.ac.in/faculty_page.php?name=SujitKumarChakrabarti,NOSCHOLARPAGE
Sujith Thomas,BITS Pilani-Goa,https://www.bits-pilani.ac.in/goa/sujitht/profile,rGAO0sUAAAAJ
Sujoy Ghose,IIT Kharagpur,http://www.myopencourses.com/profile/prof-sujoy-ghosh,swQD_vgAAAAJ
Sukhendu Das,IIT Madras,http://www.cse.iitm.ac.in/~sdas,nqDmEHUAAAAJ
Sukomal Pal,IIT (BHU) Varanasi,http://www.iitbhu.ac.in/cse/index.php/people/faculty/40.html,Tn9_Ma4AAAAJ
Sukumar Nandi,IIT Guwahati,https://www.iitg.ernet.in/sukumar,ChtruacAAAAJ
Suman Banerjee 0002,IIT Jammu,https://www.iitjammu.ac.in/computer_science_engineering/faculty-list/~sumanbanerjee,mUpLGpsAAAAJ
Suman K. Mitra,DAIICT,http://faculty.daiict.ac.in/suman-mitra,9SLisUQAAAAJ
Suman Kumar Maji,IIT Patna,https://iitp.ac.in/index.php/departments/engineering/computer-science-a-engineering/people/faculty/1450-dr-suman-kumar-maji.html,bB2_Ug8AAAAJ
Suman Kundu,IIT Jodhpur,https://sumankundu.info,2h2t9cEAAAAJ
Sumana Ghosh,ISI Kolkata,https://mail.isical.ac.in/~sumana,vbvWDFUAAAAJ
Sumit Ganguly,IIT Kanpur,http://www.cse.iitk.ac.in/users/sganguly,NOSCHOLARPAGE
Sumit K. Mandal,IISc Bangalore,https://www.csa.iisc.ac.in/~skmandal,JBTEirYAAAAJ
Sumit K. Pandey,IIT Jammu,https://www.iitjammu.ac.in/computer_science_engineering/faculty-list/~sumitkpandey,NOSCHOLARPAGE
Sumit Kalra,IIT Jodhpur,http://home.iitj.ac.in/~sumitk,Uqmo9kIAAAAJ
Sundar Balasubramaniam,BITS Pilani,http://www.bits-pilani.ac.in/pilani/sundarb/profile,2E9w-LgAAAAJ
Sundar Vishwanathan,IIT Bombay,https://www.cse.iitb.ac.in/~sundar,8CK3IY4AAAAJ
Sundaresan Raman,BITS Pilani,http://www.bits-pilani.ac.in/pilani/sundaresanraman/profile,NOSCHOLARPAGE
Sunil Easaw Simon,IIT Kanpur,http://www.cse.iitk.ac.in/users/simon,NOSCHOLARPAGE
Sunil Simon,IIT Kanpur,http://www.cse.iitk.ac.in/users/simon,NOSCHOLARPAGE
Sunita Sarawagi,IIT Bombay,https://www.cse.iitb.ac.in/~sunita,Hg4HmTAAAAAJ
Supratik Chakraborty,IIT Bombay,https://www.cse.iitb.ac.in/~supratik,LwG4hd8AAAAJ
Supratim Biswas,IIT Bombay,https://www.cse.iitb.ac.in/~sb,e4CGuD4AAAAJ
Surampudi Bapi Raju,IIIT Hyderabad,https://www.iiit.ac.in/people/faculty/rajubapi,bbSYyiAAAAAJ
Surender Baswana,IIT Kanpur,http://www.cse.iitk.ac.in/users/sbaswana,U42j5MkAAAAJ
Suresh Purini,IIIT Hyderabad,https://www.iiit.ac.in/people/faculty/psuresh,m8_F5SoAAAAJ
Surjya Ghosh,BITS Pilani-Goa,https://surjya-ghosh.github.io,jwQqy80AAAAJ
Surya Narayana Raju Undi,National Institute of Technology Warangal,https://wsdc.nitw.ac.in/facultynew/facultyprofile/id/16337,DjJx3sEAAAAJ
Surya Prakash 0001,IIT Indore,http://www.iiti.ac.in/~surya,6_PF2KEAAAAJ
Suryakanth V. Gangashetty,IIIT Hyderabad,https://www.iiit.ac.in/people/faculty/svg,U1ofnDgAAAAJ
Sushanta Karmakar,IIT Guwahati,https://www.iitg.ernet.in/sushantak,OsTpMV8AAAAJ
Sushmita Mitra,ISI Kolkata,https://www.isical.ac.in/~sushmita,PrUB1fAAAAAJ
Susmita Ghosh,Jadavpur University,http://jaduniv.edu.in/profile.php?uid=656,tOhcAisAAAAJ
Susmita Sur-Kolay,ISI Kolkata,https://www.isical.ac.in/~ssk,KjdkL_8AAAAJ
Sutanu Chakraborti,IIT Madras,http://www.cse.iitm.ac.in/~sutanuc,HYCDDuoAAAAJ
Suyash P. Awate,IIT Bombay,https://www.cse.iitb.ac.in/~suyash,xVs3dPgAAAAJ
Swagatam Das,ISI Kolkata,https://www.isical.ac.in/~swagatam.das,L8XYpAwAAAAJ
Swagato Sanyal,IIT Kharagpur,https://cse.iitkgp.ac.in/~swagato,NOSCHOLARPAGE
Swaprava Nath,IIT Bombay,https://www.cse.iitb.ac.in/~swaprava,NOSCHOLARPAGE
Swaroop Joshi,BITS Pilani-Goa,https://swaroopjoshi.in,iibndPYAAAAJ
Swati Agarwal 0001,BITS Pilani-Goa,https://www.bits-pilani.ac.in/goa/swatia/profile,-zk-xD0AAAAJ
Syamantak Das,IIIT Delhi,http://faculty.iiitd.ac.in/~syamantak,7nBU-20AAAAJ
Syed Azeemuddin,IIIT Hyderabad,https://www.iiit.ac.in/people/faculty/azeemuddin,6FjRZ_MAAAAJ
T. K. Srikanth,IIIT Bangalore,http://www.iiitb.ac.in/faculty_page.php?name=TKSrikanth,IFuQJy0AAAAJ
T. Ramakrishnudu,National Institute of Technology Warangal,https://wsdc.nitw.ac.in/facultynew/facultyprofile/id/16344,oscHBicAAAAJ
T. V. Prabhakar,IIT Kanpur,http://www.cse.iitk.ac.in/users/tvp,vWvglUgAAAAJ
T. Venkatesh,IIT Guwahati,http://www.iitg.ernet.in/t.venkat,yxogbeoAAAAJ
Tamma Bheemarjuna Reddy,IIT Hyderabad,http://www.iith.ac.in/~tbr,FYHCD2kAAAAJ
Tanima Dutta,IIT (BHU) Varanasi,http://www.iitbhu.ac.in/cse/index.php/people/faculty.html,ofERjawAAAAJ
Tanmay T. Verlekar,BITS Pilani-Goa,https://www.bits-pilani.ac.in/goa/tanmayv/profile,CFkxQ6cAAAAJ
Tanmay Tulsidas Verlekar,BITS Pilani-Goa,https://www.bits-pilani.ac.in/goa/tanmayv/profile,CFkxQ6cAAAAJ
Telikepalli Kavitha,Tata Inst. of Fundamental Research,http://www.tcs.tifr.res.in/~kavitha,NOSCHOLARPAGE
Thoudam Doren Singh,National Institute of Technology Silchar,http://cs.nits.ac.in/doren,2HwvOqkAAAAJ
Timothy A. Gonsalves,IIT Mandi,http://www.cse.iitm.ac.in/~tag,NOSCHOLARPAGE
Tricha Anjali,IIIT Bangalore,http://www.iiitb.ac.in/faculty_page.php?name=TrichaAnjali,Xxqp1TUAAAAJ
Tushar Jain,IIT Mandi,http://faculty.iitmandi.ac.in/~tushar,RPol2lkAAAAJ
U. Pal 0001,ISI Kolkata,https://www.isical.ac.in/~umapada,2_z_CogAAAAJ
U. Ramakrishna,IIT Hyderabad,http://www.iith.ac.in/~ramakrishna,3qZCtWYAAAAJ
U. Ramakrishna 0001,IIT Hyderabad,http://www.iith.ac.in/~ramakrishna,3qZCtWYAAAAJ
U. S. N. Raju,National Institute of Technology Warangal,https://wsdc.nitw.ac.in/facultynew/facultyprofile/id/16337,DjJx3sEAAAAJ
Ubaidulla Pandarakkottilil,IIIT Hyderabad,https://www.iiit.ac.in/people/faculty/pubaidulla,JpIWSI4AAAAJ
Uday Bondhugula,IISc Bangalore,http://www.csa.iisc.ac.in/~uday,cwo0elIAAAAJ
Uday P. Khedker,IIT Bombay,https://www.cse.iitb.ac.in/~uday,mMX9vxkAAAAJ
Ujjwal Bhattacharya,ISI Kolkata,https://www.isical.ac.in/~ujjwal,Sv_ONBAAAAAJ
Ujjwal Maulik,Jadavpur University,https://sites.google.com/site/drujjwalmaulik,CW6heYUAAAAJ
Ujwala Baruah,National Institute of Technology Silchar,http://cs.nits.ac.in/ujwala,BD2ObywAAAAJ
Umang Bhaskar,Tata Inst. of Fundamental Research,http://www.tcs.tifr.res.in/~umang,NOSCHOLARPAGE
Umapada Pal 0001,ISI Kolkata,https://www.isical.ac.in/~umapada,2_z_CogAAAAJ
Umesh Bellur,IIT Bombay,https://www.cse.iitb.ac.in/~umesh,WnjGMjIAAAAJ
Utpal Garain,ISI Kolkata,https://www.isical.ac.in/~utpal,4Jlqf30AAAAJ
V. Kamakoti 0001,IIT Madras,http://rise.cse.iitm.ac.in/people/faculty/kama/kama.html,n_Ck-8UAAAAJ
V. Krishna Nandivada,IIT Madras,http://www.cse.iitm.ac.in/~krishna,kbgu7ccAAAAJ
V. N. Muralidhara,IIIT Bangalore,http://www.iiitb.ac.in/faculty_page.php?name=VNMuralidhara,qYHo_C4AAAAJ
V. Ramasubramanian,IIIT Bangalore,http://www.iiitb.ac.in/faculty_page.php?name=VRamasubramanian,Eb87kPkAAAAJ
V. Sridhar,IIIT Bangalore,http://www.iiitb.ac.in/faculty_page.php?name=VSridhar,NOSCHOLARPAGE
V. Susheela Devi,IISc Bangalore,http://www.csa.iisc.ac.in/~susheela,NOSCHOLARPAGE
V. Vijaya Saradhi,IIT Guwahati,https://www.iitg.ernet.in/saradhi,1DpQo5AAAAAJ
Vandana Agarwal,BITS Pilani,http://universe.bits-pilani.ac.in/pilani/vandana/profile,NOSCHOLARPAGE
Varsha Apte,IIT Bombay,https://www.cse.iitb.ac.in/~varsha,g2oLiH4AAAAJ
Varun Dutt,IIT Mandi,https://faculty.iitmandi.ac.in/~varun,jly9u8AAAAAJ
Vaskar Raychoudhury,IIT Roorkee,http://faculty.iitr.ac.in/~vaskafec,Jzs-63AAAAAJ
Vasudeva Varma,IIIT Hyderabad,https://www.iiit.ac.in/~vv/Home.html,9OFvbfcAAAAJ
Veezhinathan Kamakoti,IIT Madras,http://rise.cse.iitm.ac.in/people/faculty/kama/kama.html,n_Ck-8UAAAAJ
Venkata Ramana Badarla,IIT Jodhpur,http://home.iitj.ac.in/~ramana,r8QoCG4AAAAJ
Venkata Subba Reddy Palagiri,National Institute of Technology Warangal,https://wsdc.nitw.ac.in/facultynew/facultyprofile/id/16338,LSGPBhoAAAAJ
Venkataramana Badarla,IIT Jodhpur,http://home.iitj.ac.in/~ramana,r8QoCG4AAAAJ
Venkatesh Choppella,IIIT Hyderabad,https://www.iiit.ac.in/people/faculty/choppell,fGj4T74AAAAJ
Venkatesh Raman 0001,IMSc,http://www.imsc.res.in/~vraman,NOSCHOLARPAGE
Venkateswara Rao Kagita,National Institute of Technology Warangal,https://wsdc.nitw.ac.in/facultynew/facultyprofile/id/17029,aso5fJ0AAAAJ
Vijay Natarajan,IISc Bangalore,http://www.csa.iisc.ac.in/~vijayn,yePyztMAAAAJ
Vikram Goyal,IIIT Delhi,https://www.iiitd.ac.in/vikram,YJaVmSwAAAAJ
Vikram Pudi,IIIT Hyderabad,https://www.iiit.ac.in/people/faculty/vikram,jH79pJkAAAAJ
Vikram Sharma 0001,IMSc,https://www.imsc.res.in/~vikram,NOSCHOLARPAGE
Vikraman Arvind,IMSc,http://www.imsc.res.in/~arvind,NOSCHOLARPAGE
Vimal Raj Sharma,IIT Jodhpur,http://home.iitj.ac.in/~vimalraj,dAwB6_UAAAAJ
Vimalraj Sharma,IIT Jodhpur,http://home.iitj.ac.in/~vimalraj,dAwB6_UAAAAJ
Vinay J. Ribeiro,IIT Bombay,https://www.cse.iitb.ac.in/~vinayr,XxeF6MkAAAAJ
Vinay Joseph Ribeiro,IIT Bombay,https://www.cse.iitb.ac.in/~vinayr,XxeF6MkAAAAJ
Vinay Namboodiri,IIT Kanpur,http://www.cse.iitk.ac.in/users/vinaypn,JyHi9OoAAAAJ
Vinayak Abrol,IIIT Delhi,https://www.iiitd.ac.in/vabrol,13e0zscAAAAJ
Vinayak Naik,BITS Pilani-Goa,https://www.vinayaknaik.info,HF7IPeQAAAAJ
Vinayak S. Naik,BITS Pilani-Goa,https://www.vinayaknaik.info,HF7IPeQAAAAJ
Vineet Gandhi,IIIT Hyderabad,https://www.iiit.ac.in/people/faculty/vgandhi,PVlBz8oAAAAJ
Vineeth Balasubramanian,IIT Hyderabad,http://www.iith.ac.in/~vineethnb,7soDcboAAAAJ
Vineeth N. Balasubramanian,IIT Hyderabad,http://www.iith.ac.in/~vineethnb,7soDcboAAAAJ
Vineeth Nallure Balasubramanian,IIT Hyderabad,http://www.iith.ac.in/~vineethnb,7soDcboAAAAJ
Vinit Jakhetiya,IIT Jammu,https://www.iitjammu.ac.in/computer_science_engineering/faculty-list/~vinitjakhetiya,WAdMipMAAAAJ
Vinod Ganapathy,IISc Bangalore,http://www.csa.iisc.ac.in/~vg,wrzZzwYAAAAJ
Vinod M. Prabhakaran,Tata Inst. of Fundamental Research,http://www.tcs.tifr.res.in/~vinodmp,NOSCHOLARPAGE
Vinti Agarwal,BITS Pilani,https://www.bits-pilani.ac.in/pilani/vintiagarwal/Profile,gCXVMHQAAAAJ
Virendra Singh,IIT Bombay,https://www.cse.iitb.ac.in/~viren,cmRwYjAAAAAJ
Virendra Singh Shekhawat,BITS Pilani,http://universe.bits-pilani.ac.in/pilani/vsshekhawat/profile,NOSCHOLARPAGE
Vishal Garg,IIIT Hyderabad,https://www.iiit.ac.in/people/faculty/vishal,vyH26MIAAAAJ
Vivek Kumar 0001,IIIT Delhi,https://www.iiitd.ac.in/vivekk,cRZsY44AAAAJ
Y. Narahari,IISc Bangalore,http://www.csa.iisc.ac.in/~hari,NOSCHOLARPAGE
Y. Raghu Reddy,IIIT Hyderabad,http://faculty.iiit.ac.in/~raghu.reddy,NOSCHOLARPAGE
Y.N. Srikant,IISc Bangalore,http://www.csa.iisc.ac.in/~srikant,NOSCHOLARPAGE
Yadati Narahari,IISc Bangalore,http://www.csa.iisc.ac.in/~hari,NOSCHOLARPAGE
Yamuna Prasad,IIT Jammu,https://www.iitjammu.ac.in/computer_science_engineering/faculty-list/~yamunaprasad,k0I5a_YAAAAJ
Yash Vasavada,DAIICT,http://www.daiict.ac.in/daiict/people/faculty.html,9KkhfBgAAAAJ
Yashaswi Verma,IIT Jodhpur,https://sites.google.com/view/yashaswiverma,xVdj0xUAAAAJ
Yashvardhan Sharma,BITS Pilani,http://www.bits-pilani.ac.in/pilani/yash/profile,xonk7AwAAAAJ
